entry_time,entry_price,volume,dir,exit_time,exit_price,reason,gross_pnl,commission,swap,net_pnl,partial,entry_dt,exit_dt,hold_min
2025.01.02 17:03:45,2645.93,0.01,1,2025.01.02 17:32:24,2650.63,,4.7,-0.15,0.0,4.55,False,2025-01-02 17:03:45,2025-01-02 17:32:24,28.65
2025.01.06 15:37:04,2632.86,0.01,1,2025.01.06 16:07:17,2629.15,,-3.71,-0.15,0.0,-3.86,False,2025-01-06 15:37:04,2025-01-06 16:07:17,30.216666666666665
2025.01.07 17:05:03,2646.23,0.01,1,2025.01.07 17:51:05,2650.99,,4.76,-0.15,0.0,4.609999999999999,False,2025-01-07 17:05:03,2025-01-07 17:51:05,46.03333333333333
2025.01.08 19:36:29,2655.96,0.01,1,2025.01.08 21:06:07,2655.26,,-0.7,-0.15,0.0,-0.85,False,2025-01-08 19:36:29,2025-01-08 21:06:07,89.63333333333334
2025.01.09 18:06:28,2667.87,0.01,1,2025.01.09 18:12:00,2668.8,,0.93,-0.15,0.0,0.78,False,2025-01-09 18:06:28,2025-01-09 18:12:00,5.533333333333333
2025.01.10 11:37:00,2679.61,0.01,1,2025.01.10 11:52:12,2680.86,,1.25,-0.15,0.0,1.1,False,2025-01-10 11:37:00,2025-01-10 11:52:12,15.2
2025.01.10 21:37:33,2686.27,0.01,1,2025.01.10 21:38:51,2687.64,,1.37,-0.15,0.0,1.2200000000000002,False,2025-01-10 21:37:33,2025-01-10 21:38:51,1.3
2025.01.10 21:45:10,2686.61,0.01,1,2025.01.10 22:09:03,2687.65,,1.04,-0.15,0.0,0.89,False,2025-01-10 21:45:10,2025-01-10 22:09:03,23.883333333333333
2025.01.15 16:34:46,2682.86,0.01,1,2025.01.15 17:21:25,2682.33,,-0.53,-0.15,0.0,-0.68,False,2025-01-15 16:34:46,2025-01-15 17:21:25,46.65
2025.01.15 17:53:29,2678.05,0.01,1,2025.01.15 18:04:47,2679.96,,1.91,-0.15,0.0,1.76,False,2025-01-15 17:53:29,2025-01-15 18:04:47,11.3
2025.01.16 08:12:24,2693.12,0.01,1,2025.01.16 08:27:32,2692.57,,-0.55,-0.15,0.0,-0.7000000000000001,False,2025-01-16 08:12:24,2025-01-16 08:27:32,15.133333333333333
2025.01.16 16:30:01,2715.95,0.01,1,2025.01.16 16:35:24,2717.48,,1.53,-0.15,0.0,1.3800000000000001,False,2025-01-16 16:30:01,2025-01-16 16:35:24,5.383333333333334
2025.01.17 16:46:16,2710.84,0.01,-1,2025.01.17 17:15:00,2712.53,,-1.69,-0.15,0.0,-1.8399999999999999,False,2025-01-17 16:46:16,2025-01-17 17:15:00,28.733333333333334
2025.01.20 05:11:07,2700.91,0.01,-1,2025.01.20 07:40:18,2705.39,,-4.48,-0.15,0.0,-4.630000000000001,False,2025-01-20 05:11:07,2025-01-20 07:40:18,149.18333333333334
2025.01.21 10:44:19,2722.44,0.01,1,2025.01.21 11:41:48,2723.7,,1.26,-0.15,0.0,1.11,False,2025-01-21 10:44:19,2025-01-21 11:41:48,57.483333333333334
2025.01.23 16:00:52,2742.41,0.01,-1,2025.01.23 17:56:11,2746.65,,-4.24,-0.15,0.0,-4.390000000000001,False,2025-01-23 16:00:52,2025-01-23 17:56:11,115.31666666666666
2025.01.24 10:35:01,2770.1,0.01,1,2025.01.24 10:47:30,2773.65,,3.55,-0.15,0.0,3.4,False,2025-01-24 10:35:01,2025-01-24 10:47:30,12.483333333333333
2025.01.27 10:40:52,2759.29,0.01,-1,2025.01.27 11:21:00,2761.06,,-1.77,-0.15,0.0,-1.92,False,2025-01-27 10:40:52,2025-01-27 11:21:00,40.13333333333333
2025.01.29 21:41:55,2757.19,0.01,-1,2025.01.29 22:13:57,2753.59,,3.6,-0.15,0.0,3.45,False,2025-01-29 21:41:55,2025-01-29 22:13:57,32.03333333333333
2025.01.29 23:18:06,2756.33,0.01,-1,2025.01.30 01:32:40,2759.54,,-3.21,-0.15,0.98,-2.38,False,2025-01-29 23:18:06,2025-01-30 01:32:40,134.56666666666666
2025.01.31 20:16:57,2804.4,0.01,1,2025.01.31 21:13:31,2800.58,,-3.82,-0.15,0.0,-3.9699999999999998,False,2025-01-31 20:16:57,2025-01-31 21:13:31,56.56666666666667
2025.02.03 08:16:29,2785.18,0.01,-1,2025.02.03 08:45:10,2784.65,,0.53,-0.15,0.0,0.38,False,2025-02-03 08:16:29,2025-02-03 08:45:10,28.683333333333334
2025.02.03 22:50:11,2816.25,0.01,1,2025.02.03 23:03:00,2817.32,,1.07,-0.15,0.0,0.92,False,2025-02-03 22:50:11,2025-02-03 23:03:00,12.816666666666666
2025.02.06 13:37:08,2863.85,0.01,-1,2025.02.06 14:51:00,2866.4,,-2.55,-0.15,0.0,-2.6999999999999997,False,2025-02-06 13:37:08,2025-02-06 14:51:00,73.86666666666666
2025.02.06 22:02:38,2854.64,0.01,-1,2025.02.06 22:21:13,2855.77,,-1.13,-0.15,0.0,-1.2799999999999998,False,2025-02-06 22:02:38,2025-02-06 22:21:13,18.583333333333332
2025.02.07 18:17:37,2865.8,0.01,1,2025.02.07 19:33:40,2853.49,sl 2853.50,-12.31,-0.15,0.0,-12.46,False,2025-02-07 18:17:37,2025-02-07 19:33:40,76.05
2025.02.07 19:33:40,2853.57,0.01,1,2025.02.07 20:18:01,2864.44,,10.87,-0.15,0.0,10.719999999999999,False,2025-02-07 19:33:40,2025-02-07 20:18:01,44.35
2025.02.11 04:40:01,2913.16,0.01,1,2025.02.11 05:21:00,2917.38,,4.22,-0.15,0.0,4.069999999999999,False,2025-02-11 04:40:01,2025-02-11 05:21:00,40.983333333333334
2025.02.11 17:43:12,2904.27,0.01,-1,2025.02.11 18:01:28,2904.05,,0.22,-0.15,0.0,0.07,False,2025-02-11 17:43:12,2025-02-11 18:01:28,18.266666666666666
2025.02.12 08:20:15,2893.95,0.01,-1,2025.02.12 08:27:16,2889.47,,4.48,-0.15,0.0,4.33,False,2025-02-12 08:20:15,2025-02-12 08:27:16,7.016666666666667
2025.02.12 16:11:05,2888.49,0.01,-1,2025.02.12 16:42:21,2893.62,,-5.13,-0.15,0.0,-5.28,False,2025-02-12 16:11:05,2025-02-12 16:42:21,31.266666666666666
2025.02.12 17:22:14,2891.52,0.01,-1,2025.02.12 18:19:42,2892.77,,-1.25,-0.15,0.0,-1.4,False,2025-02-12 17:22:14,2025-02-12 18:19:42,57.46666666666667
2025.02.13 10:14:20,2911.9,0.01,1,2025.02.13 11:08:45,2912.73,,0.83,-0.15,0.0,0.6799999999999999,False,2025-02-13 10:14:20,2025-02-13 11:08:45,54.416666666666664
2025.02.14 13:47:26,2931.34,0.01,1,2025.02.14 14:15:23,2932.04,,0.7,-0.15,0.0,0.5499999999999999,False,2025-02-14 13:47:26,2025-02-14 14:15:23,27.95
2025.02.18 04:39:17,2901.74,0.01,-1,2025.02.18 05:36:49,2909.14,,-7.4,-0.15,0.0,-7.550000000000001,False,2025-02-18 04:39:17,2025-02-18 05:36:49,57.53333333333333
2025.02.19 13:59:06,2935.26,0.01,1,2025.02.19 14:15:00,2934.91,,-0.35,-0.15,0.0,-0.5,False,2025-02-19 13:59:06,2025-02-19 14:15:00,15.9
2025.02.21 06:11:44,2931.7,0.01,-1,2025.02.21 06:47:34,2928.92,,2.78,-0.15,0.0,2.63,False,2025-02-21 06:11:44,2025-02-21 06:47:34,35.833333333333336
2025.02.21 13:09:26,2931.75,0.01,-1,2025.02.21 13:37:00,2930.9,,0.85,-0.15,0.0,0.7,False,2025-02-21 13:09:26,2025-02-21 13:37:00,27.566666666666666
2025.02.21 18:29:11,2934.81,0.01,-1,2025.02.21 19:27:20,2937.43,,-2.62,-0.15,0.0,-2.77,False,2025-02-21 18:29:11,2025-02-21 19:27:20,58.15
2025.02.24 04:44:02,2937.58,0.01,-1,2025.02.24 05:40:51,2940.59,,-3.01,-0.15,0.0,-3.1599999999999997,False,2025-02-24 04:44:02,2025-02-24 05:40:51,56.81666666666667
2025.02.25 10:56:27,2942.21,0.01,-1,2025.02.25 11:10:02,2939.47,,2.74,-0.15,0.0,2.5900000000000003,False,2025-02-25 10:56:27,2025-02-25 11:10:02,13.583333333333334
2025.02.25 16:18:27,2941.91,0.01,-1,2025.02.25 16:42:00,2940.04,,1.87,-0.15,0.0,1.7200000000000002,False,2025-02-25 16:18:27,2025-02-25 16:42:00,23.55
2025.02.25 22:26:01,2913.35,0.01,-1,2025.02.25 23:29:24,2916.07,,-2.72,-0.15,0.0,-2.87,False,2025-02-25 22:26:01,2025-02-25 23:29:24,63.38333333333333
2025.02.26 17:53:28,2913.25,0.01,-1,2025.02.26 18:10:34,2910.63,,2.62,-0.15,0.0,2.47,False,2025-02-26 17:53:28,2025-02-26 18:10:34,17.1
2025.02.27 12:52:41,2894.04,0.01,-1,2025.02.27 13:06:00,2891.02,,3.02,-0.15,0.0,2.87,False,2025-02-27 12:52:41,2025-02-27 13:06:00,13.316666666666666
2025.02.27 20:02:47,2884.81,0.01,-1,2025.02.27 20:30:12,2883.39,,1.42,-0.15,0.0,1.27,False,2025-02-27 20:02:47,2025-02-27 20:30:12,27.416666666666668
2025.02.28 12:46:17,2864.99,0.01,-1,2025.02.28 12:56:47,2862.6,,2.39,-0.15,0.0,2.24,False,2025-02-28 12:46:17,2025-02-28 12:56:47,10.5
2025.02.28 14:02:38,2864.63,0.01,-1,2025.02.28 14:30:23,2862.18,,2.45,-0.15,0.0,2.3000000000000003,False,2025-02-28 14:02:38,2025-02-28 14:30:23,27.75
2025.02.28 21:50:41,2849.21,0.01,-1,2025.02.28 22:24:15,2850.6,,-1.39,-0.15,0.0,-1.5399999999999998,False,2025-02-28 21:50:41,2025-02-28 22:24:15,33.56666666666667
2025.03.03 05:22:28,2860.93,0.01,1,2025.03.03 05:35:44,2864.13,,3.2,-0.15,0.0,3.0500000000000003,False,2025-03-03 05:22:28,2025-03-03 05:35:44,13.266666666666667
2025.03.03 21:54:10,2882.61,0.01,1,2025.03.03 22:06:00,2884.62,,2.01,-0.15,0.0,1.8599999999999999,False,2025-03-03 21:54:10,2025-03-03 22:06:00,11.833333333333334
2025.03.04 16:21:43,2914.98,0.01,1,2025.03.04 16:31:02,2918.51,,3.53,-0.15,0.0,3.38,False,2025-03-04 16:21:43,2025-03-04 16:31:02,9.316666666666666
2025.03.05 17:07:11,2920.77,0.01,-1,2025.03.05 17:46:38,2918.96,,1.81,-0.15,0.0,1.6600000000000001,False,2025-03-05 17:07:11,2025-03-05 17:46:38,39.45
2025.03.07 04:21:07,2904.52,0.01,-1,2025.03.07 05:05:00,2907.1,,-2.58,-0.15,0.0,-2.73,False,2025-03-07 04:21:07,2025-03-07 05:05:00,43.88333333333333
2025.03.07 17:41:17,2916.3,0.01,1,2025.03.07 18:48:00,2915.9,,-0.4,-0.15,0.0,-0.55,False,2025-03-07 17:41:17,2025-03-07 18:48:00,66.71666666666667
2025.03.10 12:30:51,2913.4,0.01,-1,2025.03.10 12:59:54,2911.41,,1.99,-0.15,0.0,1.84,False,2025-03-10 12:30:51,2025-03-10 12:59:54,29.05
2025.03.12 11:31:44,2918.9,0.01,-1,2025.03.12 12:37:15,2918.87,,0.03,-0.15,0.0,-0.12,False,2025-03-12 11:31:44,2025-03-12 12:37:15,65.51666666666667
2025.03.12 16:18:09,2912.41,0.01,1,2025.03.12 16:46:01,2913.81,,1.4,-0.15,0.0,1.25,False,2025-03-12 16:18:09,2025-03-12 16:46:01,27.866666666666667
2025.03.12 17:45:06,2919.61,0.01,-1,2025.03.12 17:49:47,2917.98,,1.63,-0.15,0.0,1.48,False,2025-03-12 17:45:06,2025-03-12 17:49:47,4.683333333333334
2025.03.17 15:16:16,2988.72,0.01,1,2025.03.17 16:05:09,2989.33,,0.61,-0.15,0.0,0.45999999999999996,False,2025-03-17 15:16:16,2025-03-17 16:05:09,48.88333333333333
2025.03.18 09:20:02,3014.09,0.01,1,2025.03.18 09:45:54,3014.33,,0.24,-0.15,0.0,0.09,False,2025-03-18 09:20:02,2025-03-18 09:45:54,25.866666666666667
2025.03.18 10:26:53,3014.87,0.01,1,2025.03.18 11:04:41,3018.63,,3.76,-0.15,0.0,3.61,False,2025-03-18 10:26:53,2025-03-18 11:04:41,37.8
2025.03.18 19:36:00,3035.06,0.01,1,2025.03.18 21:03:35,3033.41,,-1.65,-0.15,0.0,-1.7999999999999998,False,2025-03-18 19:36:00,2025-03-18 21:03:35,87.58333333333333
2025.03.19 14:28:51,3038.88,0.01,-1,2025.03.19 15:00:54,3038.3,,0.58,-0.15,0.0,0.42999999999999994,False,2025-03-19 14:28:51,2025-03-19 15:00:54,32.05
2025.03.20 05:49:48,3046.53,0.01,1,2025.03.20 06:03:00,3046.92,,0.39,-0.15,0.0,0.24000000000000002,False,2025-03-20 05:49:48,2025-03-20 06:03:00,13.2
2025.03.20 17:48:46,3039.66,0.01,-1,2025.03.20 18:21:38,3039.19,,0.47,-0.15,0.0,0.31999999999999995,False,2025-03-20 17:48:46,2025-03-20 18:21:38,32.86666666666667
2025.03.21 11:08:20,3034.67,0.01,-1,2025.03.21 11:13:56,3029.65,,5.02,-0.15,0.0,4.869999999999999,False,2025-03-21 11:08:20,2025-03-21 11:13:56,5.6
2025.03.21 21:35:27,3020.87,0.01,-1,2025.03.21 21:48:00,3020.38,,0.49,-0.15,0.0,0.33999999999999997,False,2025-03-21 21:35:27,2025-03-21 21:48:00,12.55
2025.03.24 23:38:03,3012.84,0.01,-1,2025.03.24 23:57:58,3011.94,,0.9,-0.15,0.0,0.75,False,2025-03-24 23:38:03,2025-03-24 23:57:58,19.916666666666668
2025.03.25 18:30:55,3019.84,0.01,1,2025.03.25 18:34:43,3024.03,,4.19,-0.15,0.0,4.04,False,2025-03-25 18:30:55,2025-03-25 18:34:43,3.8
2025.03.27 16:22:00,3040.52,0.01,1,2025.03.27 16:54:06,3038.2,,-2.32,-0.15,0.0,-2.4699999999999998,False,2025-03-27 16:22:00,2025-03-27 16:54:06,32.1
2025.03.28 11:18:37,3073.15,0.01,1,2025.03.28 11:52:12,3072.0,,-1.15,-0.15,0.0,-1.2999999999999998,False,2025-03-28 11:18:37,2025-03-28 11:52:12,33.583333333333336
2025.03.28 13:10:17,3070.97,0.01,1,2025.03.28 13:39:00,3072.58,,1.61,-0.15,0.0,1.4600000000000002,False,2025-03-28 13:10:17,2025-03-28 13:39:00,28.716666666666665
2025.03.31 12:47:49,3113.62,0.01,1,2025.03.31 13:00:00,3114.75,,1.13,-0.15,0.0,0.9799999999999999,False,2025-03-31 12:47:49,2025-03-31 13:00:00,12.183333333333334
2025.04.01 08:53:34,3134.9,0.01,1,2025.04.01 09:17:34,3134.3,,-0.6,-0.15,0.0,-0.75,False,2025-04-01 08:53:34,2025-04-01 09:17:34,24.0
2025.04.01 23:30:59,3120.54,0.01,-1,2025.04.01 23:49:35,3118.1,,2.44,-0.15,0.0,2.29,False,2025-04-01 23:30:59,2025-04-01 23:49:35,18.6
2025.04.03 01:25:42,3136.43,0.01,1,2025.04.03 01:36:13,3143.35,,6.92,-0.15,0.0,6.77,False,2025-04-03 01:25:42,2025-04-03 01:36:13,10.516666666666667
2025.04.03 05:53:49,3142.74,0.01,1,2025.04.03 06:04:14,3149.7,,6.96,-0.15,0.0,6.81,False,2025-04-03 05:53:49,2025-04-03 06:04:14,10.416666666666666
2025.04.03 17:08:37,3105.21,0.01,-1,2025.04.03 17:15:48,3117.71,sl 3117.62,-12.5,-0.15,0.0,-12.65,False,2025-04-03 17:08:37,2025-04-03 17:15:48,7.183333333333334
2025.04.04 15:05:30,3096.43,0.01,1,2025.04.04 15:39:15,3083.77,sl 3083.82,-12.66,-0.15,0.0,-12.81,False,2025-04-04 15:05:30,2025-04-04 15:39:15,33.75
2025.04.07 04:18:31,3010.22,0.01,-1,2025.04.07 04:32:10,3022.86,sl 3022.66,-12.64,-0.15,0.0,-12.790000000000001,False,2025-04-07 04:18:31,2025-04-07 04:32:10,13.65
2025.04.09 02:04:21,2987.98,0.01,-1,2025.04.09 02:35:11,2977.42,,10.56,-0.15,0.0,10.41,False,2025-04-09 02:04:21,2025-04-09 02:35:11,30.833333333333332
2025.04.09 03:27:30,2985.69,0.01,-1,2025.04.09 03:36:21,2978.7,,6.99,-0.15,0.0,6.84,False,2025-04-09 03:27:30,2025-04-09 03:36:21,8.85
2025.04.09 14:53:59,3058.48,0.01,1,2025.04.09 15:02:14,3071.99,,13.51,-0.15,0.0,13.36,False,2025-04-09 14:53:59,2025-04-09 15:02:14,8.25
2025.04.09 15:44:56,3043.82,0.01,1,2025.04.09 16:00:32,3051.38,,7.56,-0.15,0.0,7.409999999999999,False,2025-04-09 15:44:56,2025-04-09 16:00:32,15.6
2025.04.10 10:30:30,3114.92,0.01,1,2025.04.10 11:21:15,3112.67,,-2.25,-0.15,0.0,-2.4,False,2025-04-10 10:30:30,2025-04-10 11:21:15,50.75
2025.04.11 08:12:08,3204.66,0.01,1,2025.04.11 08:17:05,3212.78,,8.12,-0.15,0.0,7.969999999999999,False,2025-04-11 08:12:08,2025-04-11 08:17:05,4.95
2025.04.14 12:46:03,3224.93,0.01,-1,2025.04.14 13:08:34,3220.75,,4.18,-0.15,0.0,4.029999999999999,False,2025-04-14 12:46:03,2025-04-14 13:08:34,22.516666666666666
2025.04.14 16:27:00,3203.7,0.01,-1,2025.04.14 17:03:24,3199.59,,4.11,-0.15,0.0,3.9600000000000004,False,2025-04-14 16:27:00,2025-04-14 17:03:24,36.4
2025.04.14 19:03:40,3200.44,0.01,-1,2025.04.14 19:48:01,3205.85,,-5.41,-0.15,0.0,-5.5600000000000005,False,2025-04-14 19:03:40,2025-04-14 19:48:01,44.35
2025.04.16 14:24:53,3295.06,0.01,1,2025.04.16 14:45:00,3303.03,,7.97,-0.15,0.0,7.819999999999999,False,2025-04-16 14:24:53,2025-04-16 14:45:00,20.116666666666667
2025.04.17 19:52:41,3318.29,0.01,-1,2025.04.17 20:30:51,3315.09,,3.2,-0.15,0.0,3.0500000000000003,False,2025-04-17 19:52:41,2025-04-17 20:30:51,38.166666666666664
2025.04.17 20:45:56,3320.13,0.01,-1,2025.04.17 21:00:50,3318.47,,1.66,-0.15,0.0,1.51,False,2025-04-17 20:45:56,2025-04-17 21:00:50,14.9
2025.04.22 03:03:24,3422.29,0.01,1,2025.04.22 03:18:03,3423.76,,1.47,-0.15,0.0,1.32,False,2025-04-22 03:03:24,2025-04-22 03:18:03,14.65
2025.04.22 10:13:05,3468.76,0.01,1,2025.04.22 10:37:19,3475.52,,6.76,-0.15,0.0,6.609999999999999,False,2025-04-22 10:13:05,2025-04-22 10:37:19,24.233333333333334
2025.04.23 19:48:47,3304.95,0.01,-1,2025.04.23 20:13:47,3290.8,,14.15,-0.15,0.0,14.0,False,2025-04-23 19:48:47,2025-04-23 20:13:47,25.0
2025.04.25 20:13:43,3288.23,0.01,-1,2025.04.25 21:27:00,3292.9,,-4.67,-0.15,0.0,-4.82,False,2025-04-25 20:13:43,2025-04-25 21:27:00,73.28333333333333
2025.04.30 15:23:57,3291.98,0.01,-1,2025.04.30 15:37:16,3284.62,,7.36,-0.15,0.0,7.21,False,2025-04-30 15:23:57,2025-04-30 15:37:16,13.316666666666666
2025.05.01 09:05:50,3243.13,0.01,-1,2025.05.01 09:52:31,3236.31,,6.82,-0.15,0.0,6.67,False,2025-05-01 09:05:50,2025-05-01 09:52:31,46.68333333333333
2025.05.02 11:07:23,3258.07,0.01,1,2025.05.02 11:22:35,3260.18,,2.11,-0.15,0.0,1.96,False,2025-05-02 11:07:23,2025-05-02 11:22:35,15.2
2025.05.02 13:09:48,3262.02,0.01,1,2025.05.02 13:51:00,3259.49,,-2.53,-0.15,0.0,-2.6799999999999997,False,2025-05-02 13:09:48,2025-05-02 13:51:00,41.2
2025.05.05 18:09:41,3309.48,0.01,1,2025.05.05 18:35:59,3316.17,,6.69,-0.15,0.0,6.54,False,2025-05-05 18:09:41,2025-05-05 18:35:59,26.3
2025.05.06 08:36:14,3352.56,0.01,1,2025.05.06 08:50:33,3359.16,,6.6,-0.15,0.0,6.449999999999999,False,2025-05-06 08:36:14,2025-05-06 08:50:33,14.316666666666666
2025.05.08 03:15:45,3379.75,0.01,-1,2025.05.08 03:33:00,3383.66,,-3.91,-0.15,0.0,-4.0600000000000005,False,2025-05-08 03:15:45,2025-05-08 03:33:00,17.25
2025.05.08 07:50:35,3386.32,0.01,1,2025.05.08 08:49:16,3369.54,sl 3370.19,-16.78,-0.15,0.0,-16.93,False,2025-05-08 07:50:35,2025-05-08 08:49:16,58.68333333333333
2025.05.09 01:18:12,3314.81,0.01,-1,2025.05.09 02:32:18,3314.38,,0.43,-0.15,0.0,0.28,False,2025-05-09 01:18:12,2025-05-09 02:32:18,74.1
2025.05.09 06:03:07,3311.87,0.01,-1,2025.05.09 06:12:20,3304.47,,7.4,-0.15,0.0,7.25,False,2025-05-09 06:03:07,2025-05-09 06:12:20,9.216666666666667
2025.05.12 15:21:15,3233.82,0.01,-1,2025.05.12 15:37:40,3226.36,,7.46,-0.15,0.0,7.31,False,2025-05-12 15:21:15,2025-05-12 15:37:40,16.416666666666668
2025.05.16 18:49:05,3184.21,0.01,-1,2025.05.16 19:10:51,3180.85,,3.36,-0.15,0.0,3.21,False,2025-05-16 18:49:05,2025-05-16 19:10:51,21.766666666666666
2025.05.19 05:32:55,3221.49,0.01,1,2025.05.19 05:47:12,3225.57,,4.08,-0.15,0.0,3.93,False,2025-05-19 05:32:55,2025-05-19 05:47:12,14.283333333333333
2025.05.20 10:03:09,3210.86,0.01,-1,2025.05.20 11:12:00,3220.68,,-9.82,-0.15,0.0,-9.97,False,2025-05-20 10:03:09,2025-05-20 11:12:00,68.85
2025.05.22 08:48:41,3331.27,0.01,1,2025.05.22 10:23:53,3330.55,,-0.72,-0.15,0.0,-0.87,False,2025-05-22 08:48:41,2025-05-22 10:23:53,95.2
2025.05.29 06:22:07,3273.93,0.01,-1,2025.05.29 07:09:19,3272.52,,1.41,-0.15,0.0,1.26,False,2025-05-29 06:22:07,2025-05-29 07:09:19,47.2
2025.05.30 19:55:50,3294.44,0.01,-1,2025.05.30 21:00:00,3291.13,,3.31,-0.15,0.0,3.16,False,2025-05-30 19:55:50,2025-05-30 21:00:00,64.16666666666667
2025.06.02 06:35:20,3303.94,0.01,1,2025.06.02 06:50:12,3307.52,,3.58,-0.15,0.0,3.43,False,2025-06-02 06:35:20,2025-06-02 06:50:12,14.866666666666667
2025.06.03 21:59:35,3353.62,0.01,-1,2025.06.03 22:30:57,3352.87,,0.75,-0.15,0.0,0.6,False,2025-06-03 21:59:35,2025-06-03 22:30:57,31.366666666666667
2025.06.04 07:01:19,3357.34,0.01,1,2025.06.04 07:10:28,3360.19,,2.85,-0.15,0.0,2.7,False,2025-06-04 07:01:19,2025-06-04 07:10:28,9.15
2025.06.04 23:02:26,3371.11,0.01,1,2025.06.04 23:29:26,3374.03,,2.92,-0.15,0.0,2.77,False,2025-06-04 23:02:26,2025-06-04 23:29:26,27.0
2025.06.05 15:49:23,3380.3,0.01,1,2025.06.05 16:36:00,3385.92,,5.62,-0.15,0.0,5.47,False,2025-06-05 15:49:23,2025-06-05 16:36:00,46.61666666666667
2025.06.06 18:35:13,3332.73,0.01,-1,2025.06.06 19:03:52,3331.33,,1.4,-0.15,0.0,1.25,False,2025-06-06 18:35:13,2025-06-06 19:03:52,28.65
2025.06.09 22:56:28,3326.67,0.01,1,2025.06.09 23:07:25,3329.56,,2.89,-0.15,0.0,2.74,False,2025-06-09 22:56:28,2025-06-09 23:07:25,10.95
2025.06.09 23:29:21,3325.5,0.01,1,2025.06.09 23:39:44,3326.69,,1.19,-0.15,0.0,1.04,False,2025-06-09 23:29:21,2025-06-09 23:39:44,10.383333333333333
2025.06.10 08:32:44,3315.13,0.01,-1,2025.06.10 09:31:52,3327.42,sl 3327.39,-12.29,-0.15,0.0,-12.44,False,2025-06-10 08:32:44,2025-06-10 09:31:52,59.13333333333333
2025.06.10 17:19:40,3331.49,0.01,1,2025.06.10 18:30:07,3326.99,,-4.5,-0.15,0.0,-4.65,False,2025-06-10 17:19:40,2025-06-10 18:30:07,70.45
2025.06.11 12:07:13,3336.88,0.01,1,2025.06.11 13:03:00,3335.6,,-1.28,-0.15,0.0,-1.43,False,2025-06-11 12:07:13,2025-06-11 13:03:00,55.78333333333333
2025.06.11 16:31:07,3334.8,0.01,1,2025.06.11 17:17:20,3334.12,,-0.68,-0.15,0.0,-0.8300000000000001,False,2025-06-11 16:31:07,2025-06-11 17:17:20,46.21666666666667
2025.06.11 21:08:19,3338.09,0.01,-1,2025.06.11 21:33:00,3340.0,,-1.91,-0.15,0.0,-2.06,False,2025-06-11 21:08:19,2025-06-11 21:33:00,24.683333333333334
2025.06.12 09:17:08,3368.65,0.01,1,2025.06.12 09:30:38,3371.08,,2.43,-0.15,0.0,2.2800000000000002,False,2025-06-12 09:17:08,2025-06-12 09:30:38,13.5
2025.06.13 08:28:06,3418.47,0.01,1,2025.06.13 08:52:29,3425.25,,6.78,-0.15,0.0,6.63,False,2025-06-13 08:28:06,2025-06-13 08:52:29,24.383333333333333
2025.06.17 10:06:52,3388.1,0.01,-1,2025.06.17 10:33:58,3385.57,,2.53,-0.15,0.0,2.38,False,2025-06-17 10:06:52,2025-06-17 10:33:58,27.1
2025.06.17 20:16:43,3389.46,0.01,-1,2025.06.17 21:27:20,3389.19,,0.27,-0.15,0.0,0.12000000000000002,False,2025-06-17 20:16:43,2025-06-17 21:27:20,70.61666666666666
2025.06.17 21:42:45,3391.23,0.01,-1,2025.06.17 21:45:17,3388.81,,2.42,-0.15,0.0,2.27,False,2025-06-17 21:42:45,2025-06-17 21:45:17,2.533333333333333
2025.06.18 14:32:26,3386.36,0.01,-1,2025.06.18 14:39:48,3384.06,,2.3,-0.15,0.0,2.15,False,2025-06-18 14:32:26,2025-06-18 14:39:48,7.366666666666666
2025.06.18 17:20:02,3380.8,0.01,1,2025.06.18 17:45:00,3387.72,,6.92,-0.15,0.0,6.77,False,2025-06-18 17:20:02,2025-06-18 17:45:00,24.966666666666665
2025.06.19 03:24:19,3379.94,0.01,-1,2025.06.19 03:55:25,3378.94,,1.0,-0.15,0.0,0.85,False,2025-06-19 03:24:19,2025-06-19 03:55:25,31.1
2025.06.19 10:46:37,3365.07,0.01,-1,2025.06.19 11:01:37,3364.22,,0.85,-0.15,0.0,0.7,False,2025-06-19 10:46:37,2025-06-19 11:01:37,15.0
2025.06.19 11:44:58,3370.39,0.01,-1,2025.06.19 12:05:48,3365.66,,4.73,-0.15,0.0,4.58,False,2025-06-19 11:44:58,2025-06-19 12:05:48,20.833333333333332
2025.06.20 12:10:16,3354.0,0.01,-1,2025.06.20 12:51:28,3355.34,,-1.34,-0.15,0.0,-1.49,False,2025-06-20 12:10:16,2025-06-20 12:51:28,41.2
2025.06.23 15:23:21,3360.57,0.01,1,2025.06.23 16:11:49,3367.17,,6.6,-0.15,0.0,6.449999999999999,False,2025-06-23 15:23:21,2025-06-23 16:11:49,48.46666666666667
2025.06.24 19:41:46,3316.55,0.01,-1,2025.06.24 20:48:02,3319.26,,-2.71,-0.15,0.0,-2.86,False,2025-06-24 19:41:46,2025-06-24 20:48:02,66.26666666666667
2025.06.25 18:42:04,3326.43,0.01,-1,2025.06.25 19:03:09,3324.5,,1.93,-0.15,0.0,1.78,False,2025-06-25 18:42:04,2025-06-25 19:03:09,21.083333333333332
2025.06.26 04:25:20,3330.3,0.01,1,2025.06.26 04:41:33,3332.9,,2.6,-0.15,0.0,2.45,False,2025-06-26 04:25:20,2025-06-26 04:41:33,16.216666666666665
2025.06.26 14:34:34,3337.44,0.01,1,2025.06.26 15:06:00,3334.39,,-3.05,-0.15,0.0,-3.1999999999999997,False,2025-06-26 14:34:34,2025-06-26 15:06:00,31.433333333333334
2025.06.27 15:22:02,3278.66,0.01,-1,2025.06.27 15:36:00,3272.87,,5.79,-0.15,0.0,5.64,False,2025-06-27 15:22:02,2025-06-27 15:36:00,13.966666666666667
2025.06.30 04:19:46,3272.43,0.01,-1,2025.06.30 06:19:12,3278.73,,-6.3,-0.15,0.0,-6.45,False,2025-06-30 04:19:46,2025-06-30 06:19:12,119.43333333333334
2025.07.02 12:32:59,3340.18,0.01,-1,2025.07.02 13:16:12,3341.28,,-1.1,-0.15,0.0,-1.25,False,2025-07-02 12:32:59,2025-07-02 13:16:12,43.21666666666667
2025.07.07 14:07:44,3304.5,0.01,-1,2025.07.07 14:42:41,3301.09,,3.41,-0.15,0.0,3.2600000000000002,False,2025-07-07 14:07:44,2025-07-07 14:42:41,34.95
2025.07.11 09:36:07,3341.01,0.01,1,2025.07.11 10:12:03,3334.0,,-7.01,-0.15,0.0,-7.16,False,2025-07-11 09:36:07,2025-07-11 10:12:03,35.93333333333333
2025.07.11 13:55:47,3345.81,0.01,1,2025.07.11 14:45:35,3349.62,,3.81,-0.15,0.0,3.66,False,2025-07-11 13:55:47,2025-07-11 14:45:35,49.8
2025.07.11 14:58:47,3347.28,0.01,1,2025.07.11 15:01:12,3349.28,,2.0,-0.15,0.0,1.85,False,2025-07-11 14:58:47,2025-07-11 15:01:12,2.4166666666666665
2025.07.16 17:55:38,3331.45,0.01,-1,2025.07.16 18:03:38,3344.28,sl 3343.81,-12.83,-0.15,0.0,-12.98,False,2025-07-16 17:55:38,2025-07-16 18:03:38,8.0
2025.07.16 23:34:51,3346.78,0.01,1,2025.07.16 23:48:56,3348.45,,1.67,-0.15,0.0,1.52,False,2025-07-16 23:34:51,2025-07-16 23:48:56,14.083333333333334
2025.07.17 16:15:01,3317.03,0.01,-1,2025.07.17 18:06:35,3333.65,,-16.62,-0.15,0.0,-16.77,False,2025-07-17 16:15:01,2025-07-17 18:06:35,111.56666666666666
2025.07.17 18:27:00,3335.01,0.01,-1,2025.07.17 19:39:51,3336.96,,-1.95,-0.15,0.0,-2.1,False,2025-07-17 18:27:00,2025-07-17 19:39:51,72.85
2025.07.18 19:14:29,3351.57,0.01,1,2025.07.18 19:33:27,3355.7,,4.13,-0.15,0.0,3.98,False,2025-07-18 19:14:29,2025-07-18 19:33:27,18.966666666666665
2025.07.18 20:22:53,3351.76,0.01,1,2025.07.18 20:51:18,3351.89,,0.13,-0.15,0.0,-0.01999999999999999,False,2025-07-18 20:22:53,2025-07-18 20:51:18,28.416666666666668
2025.07.24 16:43:51,3367.91,0.01,-1,2025.07.24 18:17:07,3370.63,,-2.72,-0.15,0.0,-2.87,False,2025-07-24 16:43:51,2025-07-24 18:17:07,93.26666666666667
2025.07.25 21:16:21,3338.92,0.01,-1,2025.07.25 21:21:02,3338.14,,0.78,-0.15,0.0,0.63,False,2025-07-25 21:16:21,2025-07-25 21:21:02,4.683333333333334
2025.07.28 22:37:13,3315.96,0.01,-1,2025.07.28 23:48:15,3316.25,,-0.29,-0.15,0.0,-0.43999999999999995,False,2025-07-28 22:37:13,2025-07-28 23:48:15,71.03333333333333
2025.07.29 14:40:21,3316.63,0.01,1,2025.07.29 15:06:00,3319.39,,2.76,-0.15,0.0,2.61,False,2025-07-29 14:40:21,2025-07-29 15:06:00,25.65
2025.07.30 04:42:59,3323.94,0.01,1,2025.07.30 04:57:48,3323.43,,-0.51,-0.15,0.0,-0.66,False,2025-07-30 04:42:59,2025-07-30 04:57:48,14.816666666666666
2025.07.30 14:46:14,3325.3,0.01,1,2025.07.30 14:55:18,3329.33,,4.03,-0.15,0.0,3.8800000000000003,False,2025-07-30 14:46:14,2025-07-30 14:55:18,9.066666666666666
2025.08.01 06:10:07,3294.17,0.01,-1,2025.08.01 06:57:46,3290.93,,3.24,-0.15,0.0,3.0900000000000003,False,2025-08-01 06:10:07,2025-08-01 06:57:46,47.65
2025.08.06 16:03:14,3369.45,0.01,-1,2025.08.06 16:32:32,3366.7,,2.75,-0.15,0.0,2.6,False,2025-08-06 16:03:14,2025-08-06 16:32:32,29.3
2025.08.07 11:09:35,3384.95,0.01,1,2025.08.07 11:30:53,3372.46,sl 3372.61,-12.49,-0.15,0.0,-12.64,False,2025-08-07 11:09:35,2025-08-07 11:30:53,21.3
2025.08.07 16:59:22,3386.28,0.01,1,2025.08.07 17:36:00,3386.4,,0.12,-0.15,0.0,-0.03,False,2025-08-07 16:59:22,2025-08-07 17:36:00,36.63333333333333
2025.08.07 21:15:00,3391.47,0.01,1,2025.08.07 21:40:34,3390.85,,-0.62,-0.15,0.0,-0.77,False,2025-08-07 21:15:00,2025-08-07 21:40:34,25.566666666666666
2025.08.08 02:06:55,3399.54,0.01,1,2025.08.08 03:00:55,3402.17,,2.63,-0.15,0.0,2.48,False,2025-08-08 02:06:55,2025-08-08 03:00:55,54.0
2025.08.12 18:24:19,3348.07,0.01,-1,2025.08.12 18:54:00,3350.59,,-2.52,-0.15,0.0,-2.67,False,2025-08-12 18:24:19,2025-08-12 18:54:00,29.683333333333334
2025.08.13 15:30:46,3356.41,0.01,1,2025.08.13 15:48:19,3360.44,,4.03,-0.15,0.0,3.8800000000000003,False,2025-08-13 15:30:46,2025-08-13 15:48:19,17.55
2025.08.14 06:08:13,3359.88,0.01,1,2025.08.14 06:43:49,3358.39,,-1.49,-0.15,0.0,-1.64,False,2025-08-14 06:08:13,2025-08-14 06:43:49,35.6
2025.08.18 03:20:06,3338.37,0.01,-1,2025.08.18 04:22:09,3341.48,,-3.11,-0.15,0.0,-3.26,False,2025-08-18 03:20:06,2025-08-18 04:22:09,62.05
2025.08.18 10:30:00,3352.45,0.01,1,2025.08.18 11:27:07,3347.09,,-5.36,-0.15,0.0,-5.510000000000001,False,2025-08-18 10:30:00,2025-08-18 11:27:07,57.11666666666667
2025.08.21 15:07:10,3340.51,0.01,-1,2025.08.21 15:21:58,3339.3,,1.21,-0.15,0.0,1.06,False,2025-08-21 15:07:10,2025-08-21 15:21:58,14.8
2025.08.22 16:37:18,3332.52,0.01,-1,2025.08.22 17:00:27,3346.23,sl 3346.11,-13.71,-0.15,0.0,-13.860000000000001,False,2025-08-22 16:37:18,2025-08-22 17:00:27,23.15
2025.08.26 03:14:15,3369.56,0.01,-1,2025.08.26 03:32:57,3382.0,sl 3381.95,-12.44,-0.15,0.0,-12.59,False,2025-08-26 03:14:15,2025-08-26 03:32:57,18.7
2025.08.28 16:06:59,3395.62,0.01,1,2025.08.28 16:17:35,3401.01,,5.39,-0.15,0.0,5.239999999999999,False,2025-08-28 16:06:59,2025-08-28 16:17:35,10.6
2025.09.02 09:19:00,3489.34,0.01,1,2025.09.02 10:02:41,3487.28,,-2.06,-0.15,0.0,-2.21,False,2025-09-02 09:19:00,2025-09-02 10:02:41,43.68333333333333
2025.09.05 09:17:33,3551.12,0.01,1,2025.09.05 09:34:29,3553.69,,2.57,-0.15,0.0,2.42,False,2025-09-05 09:17:33,2025-09-05 09:34:29,16.933333333333334
2025.09.09 17:07:34,3648.54,0.01,1,2025.09.09 18:15:00,3634.6,sl 3634.82,-13.94,-0.15,0.0,-14.09,False,2025-09-09 17:07:34,2025-09-09 18:15:00,67.43333333333334
2025.09.10 04:03:00,3626.18,0.01,-1,2025.09.10 05:22:16,3632.91,,-6.73,-0.15,0.0,-6.880000000000001,False,2025-09-10 04:03:00,2025-09-10 05:22:16,79.26666666666667
2025.09.11 12:46:45,3620.4,0.01,-1,2025.09.11 14:31:10,3620.5,,-0.1,-0.15,0.0,-0.25,False,2025-09-11 12:46:45,2025-09-11 14:31:10,104.41666666666667
2025.09.11 15:30:23,3627.82,0.01,-1,2025.09.11 15:32:58,3640.45,sl 3640.40,-12.63,-0.15,0.0,-12.780000000000001,False,2025-09-11 15:30:23,2025-09-11 15:32:58,2.5833333333333335
2025.09.12 10:59:02,3648.03,0.01,1,2025.09.12 11:05:31,3650.81,,2.78,-0.15,0.0,2.63,False,2025-09-12 10:59:02,2025-09-12 11:05:31,6.483333333333333
2025.09.17 09:55:11,3676.76,0.01,-1,2025.09.17 10:03:00,3671.61,,5.15,-0.15,0.0,5.0,False,2025-09-17 09:55:11,2025-09-17 10:03:00,7.816666666666666
2025.09.17 15:19:39,3671.54,0.01,-1,2025.09.17 16:06:00,3673.91,,-2.37,-0.15,0.0,-2.52,False,2025-09-17 15:19:39,2025-09-17 16:06:00,46.35
2025.09.18 10:42:46,3657.34,0.01,-1,2025.09.18 11:03:12,3657.83,,-0.49,-0.15,0.0,-0.64,False,2025-09-18 10:42:46,2025-09-18 11:03:12,20.433333333333334
2025.09.18 22:55:14,3645.84,0.01,-1,2025.09.18 23:32:42,3645.26,,0.58,-0.15,0.0,0.42999999999999994,False,2025-09-18 22:55:14,2025-09-18 23:32:42,37.46666666666667
2025.09.22 15:21:35,3716.5,0.01,1,2025.09.22 15:36:00,3717.78,,1.28,-0.15,0.0,1.1300000000000001,False,2025-09-22 15:21:35,2025-09-22 15:36:00,14.416666666666666
2025.09.23 16:50:35,3775.08,0.01,1,2025.09.23 17:33:01,3774.28,,-0.8,-0.15,0.0,-0.9500000000000001,False,2025-09-23 16:50:35,2025-09-23 17:33:01,42.43333333333333
2025.09.26 22:30:34,3772.14,0.01,1,2025.09.26 23:22:19,3768.65,,-3.49,-0.15,0.0,-3.64,False,2025-09-26 22:30:34,2025-09-26 23:22:19,51.75
2025.09.30 10:03:33,3854.59,0.01,1,2025.09.30 10:56:11,3841.66,sl 3841.66,-12.93,-0.15,0.0,-13.08,False,2025-09-30 10:03:33,2025-09-30 10:56:11,52.63333333333333
2025.10.02 16:50:09,3876.59,0.01,1,2025.10.02 17:20:10,3862.96,sl 3863.80,-13.63,-0.15,0.0,-13.780000000000001,False,2025-10-02 16:50:09,2025-10-02 17:20:10,30.016666666666666
2025.10.02 22:03:27,3854.08,0.01,-1,2025.10.02 22:56:37,3854.89,,-0.81,-0.15,0.0,-0.9600000000000001,False,2025-10-02 22:03:27,2025-10-02 22:56:37,53.166666666666664
2025.10.03 17:15:24,3870.05,0.01,1,2025.10.03 17:51:04,3880.18,,10.13,-0.15,0.0,9.98,False,2025-10-03 17:15:24,2025-10-03 17:51:04,35.666666666666664
2025.10.03 18:08:53,3875.08,0.01,1,2025.10.03 18:24:00,3884.84,,9.76,-0.15,0.0,9.61,False,2025-10-03 18:08:53,2025-10-03 18:24:00,15.116666666666667
2025.10.07 04:00:44,3959.88,0.01,1,2025.10.07 05:12:04,3960.74,,0.86,-0.15,0.0,0.71,False,2025-10-07 04:00:44,2025-10-07 05:12:04,71.33333333333333
2025.10.07 06:26:45,3961.5,0.01,1,2025.10.07 07:33:30,3975.29,,13.79,-0.15,0.0,13.639999999999999,False,2025-10-07 06:26:45,2025-10-07 07:33:30,66.75
2025.10.10 19:06:03,3989.09,0.01,1,2025.10.10 19:34:56,3994.3,,5.21,-0.15,0.0,5.06,False,2025-10-10 19:06:03,2025-10-10 19:34:56,28.883333333333333
2025.10.14 08:38:49,4151.41,0.01,1,2025.10.14 08:39:50,4139.03,sl 4139.07,-12.38,-0.15,0.0,-12.530000000000001,False,2025-10-14 08:38:49,2025-10-14 08:39:50,1.0166666666666666
2025.10.14 08:39:50,4138.87,0.01,1,2025.10.14 09:14:47,4106.64,sl 4106.70,-32.23,-0.15,0.0,-32.379999999999995,False,2025-10-14 08:39:50,2025-10-14 09:14:47,34.95
2025.10.16 08:20:49,4223.71,0.01,1,2025.10.16 08:33:07,4210.25,sl 4211.35,-13.46,-0.15,0.0,-13.610000000000001,False,2025-10-16 08:20:49,2025-10-16 08:33:07,12.3
2025.10.16 08:33:07,4210.13,0.01,1,2025.10.16 09:04:44,4215.36,,5.23,-0.15,0.0,5.08,False,2025-10-16 08:33:07,2025-10-16 09:04:44,31.616666666666667
2025.10.17 04:17:58,4328.59,0.01,1,2025.10.17 04:38:24,4313.1,sl 4313.23,-15.49,-0.15,0.0,-15.64,False,2025-10-17 04:17:58,2025-10-17 04:38:24,20.433333333333334
2025.10.17 04:38:25,4313.42,0.01,1,2025.10.17 05:01:22,4324.04,,10.62,-0.15,0.0,10.469999999999999,False,2025-10-17 04:38:25,2025-10-17 05:01:22,22.95
2025.10.21 01:33:38,4365.67,0.01,1,2025.10.21 02:04:42,4371.31,,5.64,-0.15,0.0,5.489999999999999,False,2025-10-21 01:33:38,2025-10-21 02:04:42,31.066666666666666
2025.10.21 23:19:40,4123.13,0.01,-1,2025.10.21 23:51:46,4127.47,,-4.34,-0.15,0.0,-4.49,False,2025-10-21 23:19:40,2025-10-21 23:51:46,32.1
2025.10.22 04:06:43,4111.51,0.01,-1,2025.10.22 04:39:59,4093.88,,17.63,-0.15,0.0,17.48,False,2025-10-22 04:06:43,2025-10-22 04:39:59,33.266666666666666
2025.10.22 16:37:04,4070.43,0.01,-1,2025.10.22 17:08:18,4062.85,,7.58,-0.15,0.0,7.43,False,2025-10-22 16:37:04,2025-10-22 17:08:18,31.233333333333334
2025.10.23 10:37:18,4092.48,0.01,1,2025.10.23 11:05:27,4109.99,,17.51,-0.15,0.0,17.360000000000003,False,2025-10-23 10:37:18,2025-10-23 11:05:27,28.15
2025.10.23 19:44:28,4127.91,0.01,1,2025.10.23 20:37:07,4135.29,,7.38,-0.15,0.0,7.2299999999999995,False,2025-10-23 19:44:28,2025-10-23 20:37:07,52.65
2025.10.24 15:30:02,4073.19,0.01,-1,2025.10.24 15:30:57,4091.62,sl 4087.76,-18.43,-0.15,0.0,-18.58,False,2025-10-24 15:30:02,2025-10-24 15:30:57,0.9166666666666666
2025.10.27 16:00:06,4049.64,0.01,-1,2025.10.27 16:27:02,4036.03,,13.61,-0.15,0.0,13.459999999999999,False,2025-10-27 16:00:06,2025-10-27 16:27:02,26.933333333333334
2025.10.27 21:50:27,4007.1,0.01,-1,2025.10.27 21:59:41,3999.83,,7.27,-0.15,0.0,7.119999999999999,False,2025-10-27 21:50:27,2025-10-27 21:59:41,9.233333333333333
2025.10.28 14:34:26,3921.65,0.01,-1,2025.10.28 14:57:02,3926.54,,-4.89,-0.15,0.0,-5.04,False,2025-10-28 14:34:26,2025-10-28 14:57:02,22.6
2025.10.29 16:13:00,4011.79,0.01,1,2025.10.29 16:51:00,4010.16,,-1.63,-0.15,0.0,-1.7799999999999998,False,2025-10-29 16:13:00,2025-10-29 16:51:00,38.0
2025.10.30 03:01:59,3962.63,0.01,-1,2025.10.30 03:36:21,3952.31,,10.32,-0.15,0.0,10.17,False,2025-10-30 03:01:59,2025-10-30 03:36:21,34.36666666666667
2025.10.31 23:32:41,4004.97,0.01,-1,2025.11.03 07:32:15,4018.67,sl 4018.36,-13.7,-0.15,0.33,-13.52,False,2025-10-31 23:32:41,2025-11-03 07:32:15,3359.5666666666666
2025.11.04 05:31:06,3996.56,0.01,-1,2025.11.04 05:45:12,3991.66,,4.9,-0.15,0.0,4.75,False,2025-11-04 05:31:06,2025-11-04 05:45:12,14.1
2025.11.04 06:00:08,3995.27,0.01,-1,2025.11.04 06:02:28,3993.21,,2.06,-0.15,0.0,1.9100000000000001,False,2025-11-04 06:00:08,2025-11-04 06:02:28,2.3333333333333335
2025.11.04 09:10:27,3988.13,0.01,-1,2025.11.04 09:39:06,3990.98,,-2.85,-0.15,0.0,-3.0,False,2025-11-04 09:10:27,2025-11-04 09:39:06,28.65
2025.11.05 03:00:00,3941.87,0.01,-1,2025.11.05 03:19:48,3938.98,,2.89,-0.15,0.0,2.74,False,2025-11-05 03:00:00,2025-11-05 03:19:48,19.8
2025.11.06 14:53:24,4005.62,0.01,1,2025.11.06 15:06:00,4009.73,,4.11,-0.15,0.0,3.9600000000000004,False,2025-11-06 14:53:24,2025-11-06 15:06:00,12.6
2025.11.07 19:07:44,3995.69,0.01,1,2025.11.07 19:40:20,3999.47,,3.78,-0.15,0.0,3.63,False,2025-11-07 19:07:44,2025-11-07 19:40:20,32.6
2025.11.11 07:34:28,4131.52,0.01,1,2025.11.11 07:48:13,4134.0,,2.48,-0.15,0.0,2.33,False,2025-11-11 07:34:28,2025-11-11 07:48:13,13.75
2025.11.11 21:44:13,4121.27,0.01,-1,2025.11.11 22:00:00,4123.11,,-1.84,-0.15,0.0,-1.99,False,2025-11-11 21:44:13,2025-11-11 22:00:00,15.783333333333333
2025.11.13 15:10:47,4226.31,0.01,1,2025.11.13 16:22:09,4212.57,sl 4213.76,-13.74,-0.15,0.0,-13.89,False,2025-11-13 15:10:47,2025-11-13 16:22:09,71.36666666666666
2025.11.14 01:29:09,4182.59,0.01,-1,2025.11.14 01:37:46,4177.61,,4.98,-0.15,0.0,4.83,False,2025-11-14 01:29:09,2025-11-14 01:37:46,8.616666666666667
2025.11.14 18:38:38,4105.91,0.01,-1,2025.11.14 18:55:57,4103.21,,2.7,-0.15,0.0,2.5500000000000003,False,2025-11-14 18:38:38,2025-11-14 18:55:57,17.316666666666666
2025.11.14 19:35:00,4104.52,0.01,-1,2025.11.14 20:01:57,4090.75,,13.77,-0.15,0.0,13.62,False,2025-11-14 19:35:00,2025-11-14 20:01:57,26.95
2025.11.18 01:02:20,4050.32,0.01,-1,2025.11.18 01:35:18,4044.99,,5.33,-0.15,0.0,5.18,False,2025-11-18 01:02:20,2025-11-18 01:35:18,32.96666666666667
2025.11.19 11:33:09,4088.94,0.01,1,2025.11.19 11:41:45,4093.43,,4.49,-0.15,0.0,4.34,False,2025-11-19 11:33:09,2025-11-19 11:41:45,8.6
2025.11.19 15:51:00,4109.83,0.01,1,2025.11.19 16:04:05,4113.91,,4.08,-0.15,0.0,3.93,False,2025-11-19 15:51:00,2025-11-19 16:04:05,13.083333333333334
2025.11.19 17:41:25,4110.04,0.01,1,2025.11.19 17:53:26,4096.21,sl 4097.70,-13.83,-0.15,0.0,-13.98,False,2025-11-19 17:41:25,2025-11-19 17:53:26,12.016666666666667
2025.11.20 05:11:08,4081.0,0.01,-1,2025.11.20 05:34:49,4070.0,,11.0,-0.15,0.0,10.85,False,2025-11-20 05:11:08,2025-11-20 05:34:49,23.683333333333334
2025.11.20 21:20:55,4077.01,0.01,-1,2025.11.20 22:11:56,4078.48,,-1.47,-0.15,0.0,-1.6199999999999999,False,2025-11-20 21:20:55,2025-11-20 22:11:56,51.016666666666666
2025.11.21 11:09:02,4050.31,0.01,-1,2025.11.21 11:28:00,4054.75,,-4.44,-0.15,0.0,-4.590000000000001,False,2025-11-21 11:09:02,2025-11-21 11:28:00,18.966666666666665
2025.11.21 22:23:22,4074.9,0.01,1,2025.11.21 22:31:14,4061.41,sl 4061.63,-13.49,-0.15,0.0,-13.64,False,2025-11-21 22:23:22,2025-11-21 22:31:14,7.866666666666666
2025.11.26 08:33:07,4153.98,0.01,1,2025.11.26 09:33:00,4154.54,,0.56,-0.15,0.0,0.41000000000000003,False,2025-11-26 08:33:07,2025-11-26 09:33:00,59.88333333333333
2025.11.28 07:03:16,4187.87,0.01,1,2025.11.28 07:20:18,4186.26,,-1.61,-0.15,0.0,-1.76,False,2025-11-28 07:03:16,2025-11-28 07:20:18,17.033333333333335
2025.12.01 07:13:22,4231.32,0.01,1,2025.12.01 07:22:25,4218.47,sl 4218.73,-12.85,-0.15,0.0,-13.0,False,2025-12-01 07:13:22,2025-12-01 07:22:25,9.05
2025.12.02 07:49:29,4223.98,0.01,-1,2025.12.02 08:15:27,4223.36,,0.62,-0.15,0.0,0.47,False,2025-12-02 07:49:29,2025-12-02 08:15:27,25.966666666666665
2025.12.02 12:46:00,4189.89,0.01,-1,2025.12.02 12:48:48,4183.47,,6.42,-0.15,0.0,6.27,False,2025-12-02 12:46:00,2025-12-02 12:48:48,2.8
2025.12.02 14:04:12,4207.39,0.01,-1,2025.12.02 14:18:47,4202.05,,5.34,-0.15,0.0,5.1899999999999995,False,2025-12-02 14:04:12,2025-12-02 14:18:47,14.583333333333334
2025.12.02 21:57:54,4199.51,0.01,-1,2025.12.02 22:41:55,4212.21,sl 4212.02,-12.7,-0.15,0.0,-12.85,False,2025-12-02 21:57:54,2025-12-02 22:41:55,44.016666666666666
2025.12.03 16:55:16,4206.26,0.01,1,2025.12.03 17:06:48,4215.86,,9.6,-0.15,0.0,9.45,False,2025-12-03 16:55:16,2025-12-03 17:06:48,11.533333333333333
2025.12.04 11:35:04,4194.99,0.01,-1,2025.12.04 12:30:31,4198.58,,-3.59,-0.15,0.0,-3.7399999999999998,False,2025-12-04 11:35:04,2025-12-04 12:30:31,55.45
2025.12.05 18:09:55,4227.83,0.01,1,2025.12.05 18:11:54,4213.21,sl 4215.05,-14.62,-0.15,0.0,-14.77,False,2025-12-05 18:09:55,2025-12-05 18:11:54,1.9833333333333334
2025.12.08 22:37:27,4193.29,0.01,-1,2025.12.08 22:54:17,4191.87,,1.42,-0.15,0.0,1.27,False,2025-12-08 22:37:27,2025-12-08 22:54:17,16.833333333333332
2025.12.09 15:31:05,4195.92,0.01,1,2025.12.09 15:45:00,4200.91,,4.99,-0.15,0.0,4.84,False,2025-12-09 15:31:05,2025-12-09 15:45:00,13.916666666666666
2025.12.09 17:00:04,4199.3,0.01,1,2025.12.09 17:22:09,4202.9,,3.6,-0.15,0.0,3.45,False,2025-12-09 17:00:04,2025-12-09 17:22:09,22.083333333333332
2025.12.09 20:01:47,4201.64,0.01,1,2025.12.09 20:14:41,4205.58,,3.94,-0.15,0.0,3.79,False,2025-12-09 20:01:47,2025-12-09 20:14:41,12.9
2025.12.11 04:34:22,4227.27,0.01,1,2025.12.11 05:09:22,4214.81,sl 4214.84,-12.46,-0.15,0.0,-12.610000000000001,False,2025-12-11 04:34:22,2025-12-11 05:09:22,35.0
2025.12.17 18:22:58,4323.3,0.01,1,2025.12.17 18:44:28,4333.04,,9.74,-0.15,0.0,9.59,False,2025-12-17 18:22:58,2025-12-17 18:44:28,21.5
2025.12.18 15:30:29,4329.16,0.01,-1,2025.12.18 15:51:41,4341.7,sl 4341.67,-12.54,-0.15,0.0,-12.69,False,2025-12-18 15:30:29,2025-12-18 15:51:41,21.2
2025.12.18 15:51:41,4341.66,0.01,-1,2025.12.18 16:00:27,4334.37,,7.29,-0.15,0.0,7.14,False,2025-12-18 15:51:41,2025-12-18 16:00:27,8.766666666666667
2025.12.18 19:09:55,4331.24,0.01,1,2025.12.18 19:33:41,4333.93,,2.69,-0.15,0.0,2.54,False,2025-12-18 19:09:55,2025-12-18 19:33:41,23.766666666666666
2025.12.19 07:42:04,4326.24,0.01,-1,2025.12.19 08:29:41,4326.99,,-0.75,-0.15,0.0,-0.9,False,2025-12-19 07:42:04,2025-12-19 08:29:41,47.61666666666667
2025.12.19 22:18:38,4341.95,0.01,1,2025.12.19 22:26:28,4345.18,,3.23,-0.15,0.0,3.08,False,2025-12-19 22:18:38,2025-12-19 22:26:28,7.833333333333333
2025.12.19 22:40:19,4341.15,0.01,1,2025.12.19 23:00:14,4339.9,,-1.25,-0.15,0.0,-1.4,False,2025-12-19 22:40:19,2025-12-19 23:00:14,19.916666666666668
2025.12.22 14:13:26,4407.63,0.01,1,2025.12.22 14:47:30,4411.43,,3.8,-0.15,0.0,3.65,False,2025-12-22 14:13:26,2025-12-22 14:47:30,34.06666666666667
2025.12.23 07:56:29,4478.09,0.01,1,2025.12.23 08:40:39,4477.65,,-0.44,-0.15,0.0,-0.59,False,2025-12-23 07:56:29,2025-12-23 08:40:39,44.166666666666664
2025.12.24 04:56:05,4499.93,0.01,1,2025.12.24 04:58:40,4487.39,sl 4487.51,-12.54,-0.15,0.0,-12.69,False,2025-12-24 04:56:05,2025-12-24 04:58:40,2.5833333333333335
2025.12.24 19:07:32,4483.33,0.01,-1,2025.12.24 19:22:39,4480.26,,3.07,-0.15,0.0,2.92,False,2025-12-24 19:07:32,2025-12-24 19:22:39,15.116666666666667
2025.12.26 05:07:03,4502.61,0.01,1,2025.12.26 05:53:39,4506.04,,3.43,-0.15,0.0,3.2800000000000002,False,2025-12-26 05:07:03,2025-12-26 05:53:39,46.6
2025.12.26 19:20:40,4520.56,0.01,1,2025.12.26 20:21:00,4521.59,,1.03,-0.15,0.0,0.88,False,2025-12-26 19:20:40,2025-12-26 20:21:00,60.333333333333336
2025.12.29 06:34:40,4518.71,0.01,-1,2025.12.29 07:05:04,4512.33,,6.38,-0.15,0.0,6.2299999999999995,False,2025-12-29 06:34:40,2025-12-29 07:05:04,30.4
2025.12.29 18:01:29,4331.37,0.01,-1,2025.12.29 19:06:17,4334.38,,-3.01,-0.15,0.0,-3.1599999999999997,False,2025-12-29 18:01:29,2025-12-29 19:06:17,64.8
2025.12.29 22:04:39,4343.03,0.01,-1,2025.12.29 22:34:38,4336.92,,6.11,-0.15,0.0,5.96,False,2025-12-29 22:04:39,2025-12-29 22:34:38,29.983333333333334
2025.12.30 15:34:37,4383.95,0.01,1,2025.12.30 15:54:00,4387.53,,3.58,-0.15,0.0,3.43,False,2025-12-30 15:34:37,2025-12-30 15:54:00,19.383333333333333
2025.12.31 03:05:30,4346.78,0.01,-1,2025.12.31 03:25:28,4359.13,sl 4359.13,-12.35,-0.15,0.0,-12.5,False,2025-12-31 03:05:30,2025-12-31 03:25:28,19.966666666666665
2025.12.31 11:39:30,4330.13,0.01,-1,2025.12.31 12:24:38,4325.59,,4.54,-0.15,0.0,4.39,False,2025-12-31 11:39:30,2025-12-31 12:24:38,45.13333333333333
2026.01.07 10:35:39,4468.08,0.01,-1,2026.01.07 11:00:39,4467.58,,0.5,-0.15,0.0,0.35,False,2026-01-07 10:35:39,2026-01-07 11:00:39,25.0
2026.01.08 10:49:29,4423.9,0.01,-1,2026.01.08 11:19:04,4426.41,,-2.51,-0.15,0.0,-2.6599999999999997,False,2026-01-08 10:49:29,2026-01-08 11:19:04,29.583333333333332
2026.01.09 19:54:14,4488.07,0.01,1,2026.01.09 20:32:24,4497.67,,9.6,-0.15,0.0,9.45,False,2026-01-09 19:54:14,2026-01-09 20:32:24,38.166666666666664
2026.01.13 10:35:17,4594.14,0.01,-1,2026.01.13 10:57:29,4592.39,,1.75,-0.15,0.0,1.6,False,2026-01-13 10:35:17,2026-01-13 10:57:29,22.2
2026.01.13 18:27:30,4598.21,0.01,1,2026.01.13 19:00:27,4614.33,,16.12,-0.15,0.0,15.97,False,2026-01-13 18:27:30,2026-01-13 19:00:27,32.95
2026.01.13 19:13:20,4608.63,0.01,1,2026.01.13 19:56:29,4594.83,sl 4594.84,-13.8,-0.15,0.0,-13.950000000000001,False,2026-01-13 19:13:20,2026-01-13 19:56:29,43.15
2026.01.15 08:08:40,4603.6,0.01,-1,2026.01.15 08:30:00,4604.17,,-0.57,-0.15,0.0,-0.72,False,2026-01-15 08:08:40,2026-01-15 08:30:00,21.333333333333332
2026.01.15 17:15:40,4616.33,0.01,-1,2026.01.15 17:33:27,4614.06,,2.27,-0.15,0.0,2.12,False,2026-01-15 17:15:40,2026-01-15 17:33:27,17.783333333333335
2026.01.16 16:36:37,4609.98,0.01,-1,2026.01.16 17:18:28,4614.0,,-4.02,-0.15,0.0,-4.17,False,2026-01-16 16:36:37,2026-01-16 17:18:28,41.85
2026.01.16 20:33:39,4595.81,0.01,-1,2026.01.16 20:46:40,4591.17,,4.64,-0.15,0.0,4.489999999999999,False,2026-01-16 20:33:39,2026-01-16 20:46:40,13.016666666666667
2026.01.21 08:58:40,4849.71,0.01,1,2026.01.21 09:04:14,4837.32,sl 4837.38,-12.39,-0.15,0.0,-12.540000000000001,False,2026-01-21 08:58:40,2026-01-21 09:04:14,5.566666666666666
2026.01.21 23:20:17,4832.11,0.01,-1,2026.01.21 23:50:37,4830.58,,1.53,-0.15,0.0,1.3800000000000001,False,2026-01-21 23:20:17,2026-01-21 23:50:37,30.333333333333332
2026.01.23 05:19:43,4941.19,0.01,1,2026.01.23 05:33:04,4947.23,,6.04,-0.15,0.0,5.89,False,2026-01-23 05:19:43,2026-01-23 05:33:04,13.35
2026.01.23 22:03:29,4978.4,0.01,1,2026.01.23 22:40:13,4983.38,,4.98,-0.15,0.0,4.83,False,2026-01-23 22:03:29,2026-01-23 22:40:13,36.733333333333334
2026.01.26 07:12:19,5059.47,0.01,1,2026.01.26 07:26:40,5065.09,,5.62,-0.15,0.0,5.47,False,2026-01-26 07:12:19,2026-01-26 07:26:40,14.35
2026.01.27 03:08:26,5047.92,0.01,-1,2026.01.27 03:11:46,5060.46,sl 5060.37,-12.54,-0.15,0.0,-12.69,False,2026-01-27 03:08:26,2026-01-27 03:11:46,3.3333333333333335
2026.01.29 07:23:40,5521.56,0.01,1,2026.01.29 07:46:42,5556.05,,34.49,-0.15,0.0,34.34,False,2026-01-29 07:23:40,2026-01-29 07:46:42,23.033333333333335
2026.01.29 22:37:20,5327.12,0.01,-1,2026.01.29 22:43:41,5356.59,sl 5356.58,-29.47,-0.15,0.0,-29.619999999999997,False,2026-01-29 22:37:20,2026-01-29 22:43:41,6.35
2026.01.30 13:23:40,5129.19,0.01,-1,2026.01.30 13:45:39,5111.12,,18.07,-0.15,0.0,17.92,False,2026-01-30 13:23:40,2026-01-30 13:45:39,21.983333333333334
2026.01.30 13:56:56,5136.89,0.01,-1,2026.01.30 14:18:40,5123.15,,13.74,-0.15,0.0,13.59,False,2026-01-30 13:56:56,2026-01-30 14:18:40,21.733333333333334
2026.02.02 10:20:26,4634.46,0.01,-1,2026.02.02 10:38:29,4612.63,,21.83,-0.15,0.0,21.68,False,2026-02-02 10:20:26,2026-02-02 10:38:29,18.05
2026.02.03 13:03:30,4896.0,0.01,1,2026.02.03 14:00:37,4921.34,,25.34,-0.15,0.0,25.19,False,2026-02-03 13:03:30,2026-02-03 14:00:37,57.11666666666667
2026.02.04 08:16:27,5055.28,0.01,1,2026.02.04 08:21:00,5065.36,,10.08,-0.15,0.0,9.93,False,2026-02-04 08:16:27,2026-02-04 08:21:00,4.55
2026.02.04 21:52:39,4952.94,0.01,-1,2026.02.04 22:11:29,4930.15,,22.79,-0.15,0.0,22.64,False,2026-02-04 21:52:39,2026-02-04 22:11:29,18.833333333333332
2026.02.05 08:09:39,4916.72,0.01,-1,2026.02.05 08:28:38,4929.1,sl 4929.08,-12.38,-0.15,0.0,-12.530000000000001,False,2026-02-05 08:09:39,2026-02-05 08:28:38,18.983333333333334
2026.02.09 03:37:14,4987.68,0.01,1,2026.02.09 04:00:36,4975.4,sl 4975.41,-12.28,-0.15,0.0,-12.43,False,2026-02-09 03:37:14,2026-02-09 04:00:36,23.366666666666667
2026.02.10 19:29:40,5035.15,0.01,-1,2026.02.10 20:05:35,5020.22,,14.93,-0.15,0.0,14.78,False,2026-02-10 19:29:40,2026-02-10 20:05:35,35.916666666666664
2026.02.11 14:41:27,5068.54,0.01,1,2026.02.11 14:41:38,5055.97,sl 5056.20,-12.57,-0.15,0.0,-12.72,False,2026-02-11 14:41:27,2026-02-11 14:41:38,0.18333333333333332
2026.02.12 15:17:37,5069.5,0.01,-1,2026.02.12 16:04:39,5068.11,,1.39,-0.15,0.0,1.24,False,2026-02-12 15:17:37,2026-02-12 16:04:39,47.03333333333333
2026.02.13 02:06:39,4936.21,0.01,-1,2026.02.13 02:10:39,4948.58,sl 4948.52,-12.37,-0.15,0.0,-12.52,False,2026-02-13 02:06:39,2026-02-13 02:10:39,4.0
2026.02.16 01:01:39,5021.86,0.01,1,2026.02.16 01:15:00,5022.5,,0.64,-0.15,0.0,0.49,False,2026-02-16 01:01:39,2026-02-16 01:15:00,13.35
2026.02.16 19:29:13,4995.48,0.01,-1,2026.02.16 19:48:00,4991.55,,3.93,-0.15,0.0,3.7800000000000002,False,2026-02-16 19:29:13,2026-02-16 19:48:00,18.783333333333335
2026.02.17 11:02:40,4928.38,0.01,-1,2026.02.17 11:23:03,4919.06,,9.32,-0.15,0.0,9.17,False,2026-02-17 11:02:40,2026-02-17 11:23:03,20.383333333333333
2026.02.17 20:25:14,4890.04,0.01,-1,2026.02.17 20:56:26,4902.4,sl 4902.29,-12.36,-0.15,0.0,-12.51,False,2026-02-17 20:25:14,2026-02-17 20:56:26,31.2
2026.02.23 07:05:30,5153.82,0.01,1,2026.02.23 08:04:23,5159.73,,5.91,-0.15,0.0,5.76,False,2026-02-23 07:05:30,2026-02-23 08:04:23,58.88333333333333
2026.02.24 02:01:42,5217.43,0.01,1,2026.02.24 03:00:37,5204.72,sl 5204.77,-12.71,-0.15,0.0,-12.860000000000001,False,2026-02-24 02:01:42,2026-02-24 03:00:37,58.916666666666664
2026.02.24 18:37:41,5146.41,0.01,-1,2026.02.24 19:17:38,5159.96,sl 5159.96,-13.55,-0.15,0.0,-13.700000000000001,False,2026-02-24 18:37:41,2026-02-24 19:17:38,39.95
2026.02.25 09:25:41,5183.81,0.01,1,2026.02.25 09:47:35,5188.24,,4.43,-0.15,0.0,4.279999999999999,False,2026-02-25 09:25:41,2026-02-25 09:47:35,21.9
2026.02.26 02:30:42,5183.44,0.01,-1,2026.02.26 03:00:42,5195.81,sl 5195.81,-12.37,-0.15,0.0,-12.52,False,2026-02-26 02:30:42,2026-02-26 03:00:42,30.0
2026.02.26 17:45:38,5178.91,0.01,-1,2026.02.26 18:48:38,5180.7,,-1.79,-0.15,0.0,-1.94,False,2026-02-26 17:45:38,2026-02-26 18:48:38,63.0
2026.02.27 21:12:00,5240.97,0.01,1,2026.02.27 21:33:04,5250.55,,9.58,-0.15,0.0,9.43,False,2026-02-27 21:12:00,2026-02-27 21:33:04,21.066666666666666
2026.03.03 20:29:31,5111.06,0.01,-1,2026.03.03 20:38:41,5123.42,sl 5123.39,-12.36,-0.15,0.0,-12.51,False,2026-03-03 20:29:31,2026-03-03 20:38:41,9.166666666666666
2026.03.04 22:42:19,5143.3,0.01,-1,2026.03.04 22:50:42,5135.05,,8.25,-0.15,0.0,8.1,False,2026-03-04 22:42:19,2026-03-04 22:50:42,8.383333333333333
2026.03.09 06:26:30,5099.89,0.01,-1,2026.03.09 07:03:25,5088.65,,11.24,-0.15,0.0,11.09,False,2026-03-09 06:26:30,2026-03-09 07:03:25,36.916666666666664
2026.03.10 03:34:04,5125.55,0.01,1,2026.03.10 04:01:13,5140.42,,14.87,-0.15,0.0,14.719999999999999,False,2026-03-10 03:34:04,2026-03-10 04:01:13,27.15
2026.03.10 10:20:40,5166.48,0.01,1,2026.03.10 10:40:38,5175.54,,9.06,-0.15,0.0,8.91,False,2026-03-10 10:20:40,2026-03-10 10:40:38,19.966666666666665
2026.03.10 17:11:36,5189.4,0.01,1,2026.03.10 17:20:38,5213.42,,24.02,-0.15,0.0,23.87,False,2026-03-10 17:11:36,2026-03-10 17:20:38,9.033333333333333
2026.03.11 15:17:28,5194.17,0.01,-1,2026.03.11 15:30:39,5187.09,,7.08,-0.15,0.0,6.93,False,2026-03-11 15:17:28,2026-03-11 15:30:39,13.183333333333334
2026.03.11 17:05:40,5188.15,0.01,-1,2026.03.11 17:25:40,5183.03,,5.12,-0.15,0.0,4.97,False,2026-03-11 17:05:40,2026-03-11 17:25:40,20.0
2026.03.12 04:04:21,5161.67,0.01,-1,2026.03.12 05:09:41,5173.96,sl 5173.96,-12.29,-0.15,0.0,-12.44,False,2026-03-12 04:04:21,2026-03-12 05:09:41,65.33333333333333
2026.03.16 03:07:03,5022.23,0.01,-1,2026.03.16 03:18:24,5017.56,,4.67,-0.15,0.0,4.52,False,2026-03-16 03:07:03,2026-03-16 03:18:24,11.35
2026.03.18 05:21:39,5006.48,0.01,-1,2026.03.18 05:42:36,5001.11,,5.37,-0.15,0.0,5.22,False,2026-03-18 05:21:39,2026-03-18 05:42:36,20.95
2026.03.18 10:50:28,4995.07,0.01,1,2026.03.18 11:45:27,4982.45,sl 4982.59,-12.62,-0.15,0.0,-12.77,False,2026-03-18 10:50:28,2026-03-18 11:45:27,54.983333333333334
2026.03.18 20:23:27,4891.96,0.01,-1,2026.03.18 21:03:38,4886.27,,5.69,-0.15,0.0,5.54,False,2026-03-18 20:23:27,2026-03-18 21:03:38,40.18333333333333
2026.03.19 20:22:28,4607.12,0.01,-1,2026.03.19 20:51:36,4619.5,sl 4619.48,-12.38,-0.15,0.0,-12.530000000000001,False,2026-03-19 20:22:28,2026-03-19 20:51:36,29.133333333333333
2026.03.23 12:16:30,4285.64,0.01,-1,2026.03.23 12:21:40,4297.96,sl 4297.94,-12.32,-0.15,0.0,-12.47,False,2026-03-23 12:16:30,2026-03-23 12:21:40,5.166666666666667
2026.03.26 03:15:39,4528.57,0.01,-1,2026.03.26 04:00:40,4541.09,sl 4540.97,-12.52,-0.15,0.0,-12.67,False,2026-03-26 03:15:39,2026-03-26 04:00:40,45.016666666666666
2026.03.26 04:00:40,4541.13,0.01,-1,2026.03.26 04:17:16,4526.97,,14.16,-0.15,0.0,14.01,False,2026-03-26 04:00:40,2026-03-26 04:17:16,16.6
2026.03.26 14:20:18,4449.18,0.01,-1,2026.03.26 14:44:40,4438.96,,10.22,-0.15,0.0,10.07,False,2026-03-26 14:20:18,2026-03-26 14:44:40,24.366666666666667
2026.03.26 23:13:41,4412.0,0.01,-1,2026.03.26 23:51:00,4395.14,,16.86,-0.15,0.0,16.71,False,2026-03-26 23:13:41,2026-03-26 23:51:00,37.31666666666667
2026.03.27 22:43:20,4506.2,0.01,1,2026.03.27 22:54:00,4515.54,,9.34,-0.15,0.0,9.19,False,2026-03-27 22:43:20,2026-03-27 22:54:00,10.666666666666666
2026.03.30 16:45:30,4540.41,0.01,1,2026.03.30 16:55:42,4527.67,sl 4527.78,-12.74,-0.15,0.0,-12.89,False,2026-03-30 16:45:30,2026-03-30 16:55:42,10.2
2026.03.31 08:13:02,4551.39,0.01,1,2026.03.31 08:33:26,4566.87,,15.48,-0.15,0.0,15.33,False,2026-03-31 08:13:02,2026-03-31 08:33:26,20.4
2026.04.01 04:43:40,4688.12,0.01,1,2026.04.01 05:05:29,4697.95,,9.83,-0.15,0.0,9.68,False,2026-04-01 04:43:40,2026-04-01 05:05:29,21.816666666666666
2026.04.01 15:27:41,4725.24,0.01,1,2026.04.01 15:35:42,4748.95,,23.71,-0.15,0.0,23.560000000000002,False,2026-04-01 15:27:41,2026-04-01 15:35:42,8.016666666666667
2026.04.02 13:05:39,4634.71,0.01,-1,2026.04.02 13:17:23,4618.11,,16.6,-0.15,0.0,16.450000000000003,False,2026-04-02 13:05:39,2026-04-02 13:17:23,11.733333333333333
2026.04.07 06:33:00,4647.76,0.01,-1,2026.04.07 07:11:37,4647.81,,-0.05,-0.15,0.0,-0.2,False,2026-04-07 06:33:00,2026-04-07 07:11:37,38.61666666666667
2026.04.07 13:27:39,4663.32,0.01,1,2026.04.07 13:49:37,4650.76,sl 4650.84,-12.56,-0.15,0.0,-12.71,False,2026-04-07 13:27:39,2026-04-07 13:49:37,21.966666666666665
2026.04.07 19:00:00,4655.85,0.01,-1,2026.04.07 19:57:00,4657.11,,-1.26,-0.15,0.0,-1.41,False,2026-04-07 19:00:00,2026-04-07 19:57:00,57.0
2026.04.08 06:59:40,4796.9,0.01,1,2026.04.08 07:29:38,4803.53,,6.63,-0.15,0.0,6.4799999999999995,False,2026-04-08 06:59:40,2026-04-08 07:29:38,29.966666666666665
2026.04.09 21:33:40,4772.61,0.01,1,2026.04.09 21:55:39,4771.78,,-0.83,-0.15,0.0,-0.98,False,2026-04-09 21:33:40,2026-04-09 21:55:39,21.983333333333334
2026.04.13 04:10:36,4715.4,0.01,-1,2026.04.13 04:33:00,4713.02,,2.38,-0.15,0.0,2.23,False,2026-04-13 04:10:36,2026-04-13 04:33:00,22.4
2026.04.15 05:22:29,4837.11,0.01,1,2026.04.15 05:35:30,4824.7,sl 4824.76,-12.41,-0.15,0.0,-12.56,False,2026-04-15 05:22:29,2026-04-15 05:35:30,13.016666666666667
2026.04.15 14:46:04,4811.06,0.01,-1,2026.04.15 15:03:37,4809.12,,1.94,-0.15,0.0,1.79,False,2026-04-15 14:46:04,2026-04-15 15:03:37,17.55
2026.04.15 20:23:40,4805.06,0.01,-1,2026.04.15 20:42:00,4794.8,,10.26,-0.15,0.0,10.11,False,2026-04-15 20:23:40,2026-04-15 20:42:00,18.333333333333332
2026.04.16 20:09:29,4794.0,0.01,-1,2026.04.16 20:29:26,4788.69,,5.31,-0.15,0.0,5.159999999999999,False,2026-04-16 20:09:29,2026-04-16 20:29:26,19.95
2026.04.17 06:05:36,4794.82,0.01,-1,2026.04.17 06:27:25,4793.96,,0.86,-0.15,0.0,0.71,False,2026-04-17 06:05:36,2026-04-17 06:27:25,21.816666666666666
2026.04.17 21:46:19,4861.18,0.01,1,2026.04.17 22:34:02,4858.52,,-2.66,-0.15,0.0,-2.81,False,2026-04-17 21:46:19,2026-04-17 22:34:02,47.71666666666667
2026.04.21 16:40:16,4788.18,0.01,-1,2026.04.21 16:56:37,4786.02,,2.16,-0.15,0.0,2.0100000000000002,False,2026-04-21 16:40:16,2026-04-21 16:56:37,16.35
2026.04.21 23:52:56,4717.84,0.01,-1,2026.04.22 01:42:16,4717.32,,0.52,-0.15,0.33,0.7,False,2026-04-21 23:52:56,2026-04-22 01:42:16,109.33333333333333
2026.04.24 09:00:15,4688.15,0.01,-1,2026.04.24 09:15:39,4680.37,,7.78,-0.15,0.0,7.63,False,2026-04-24 09:00:15,2026-04-24 09:15:39,15.4
2026.04.28 19:37:30,4587.05,0.01,-1,2026.04.28 20:06:00,4589.63,,-2.58,-0.15,0.0,-2.73,False,2026-04-28 19:37:30,2026-04-28 20:06:00,28.5
2026.04.29 18:38:38,4547.91,0.01,-1,2026.04.29 18:54:00,4546.19,,1.72,-0.15,0.0,1.57,False,2026-04-29 18:38:38,2026-04-29 18:54:00,15.366666666666667
2026.04.29 22:00:23,4545.18,0.01,-1,2026.04.29 22:32:55,4540.37,,4.81,-0.15,0.0,4.659999999999999,False,2026-04-29 22:00:23,2026-04-29 22:32:55,32.53333333333333
2026.05.04 15:20:34,4577.23,0.01,-1,2026.05.04 16:00:12,4563.5,,13.73,-0.15,0.0,13.58,False,2026-05-04 15:20:34,2026-05-04 16:00:12,39.63333333333333
2026.05.07 07:00:33,4697.26,0.01,1,2026.05.07 07:24:31,4698.22,,0.96,-0.15,0.0,0.8099999999999999,False,2026-05-07 07:00:33,2026-05-07 07:24:31,23.966666666666665
2026.05.07 15:25:15,4733.56,0.01,1,2026.05.07 16:31:29,4749.75,,16.19,-0.15,0.0,16.040000000000003,False,2026-05-07 15:25:15,2026-05-07 16:31:29,66.23333333333333
2026.05.08 17:11:45,4724.71,0.01,1,2026.05.08 18:12:37,4711.12,sl 4711.50,-13.59,-0.15,0.0,-13.74,False,2026-05-08 17:11:45,2026-05-08 18:12:37,60.86666666666667
2026.05.11 11:05:39,4670.83,0.01,-1,2026.05.11 11:54:00,4667.69,,3.14,-0.15,0.0,2.99,False,2026-05-11 11:05:39,2026-05-11 11:54:00,48.35
2026.05.11 12:06:00,4669.43,0.01,-1,2026.05.11 12:17:43,4664.67,,4.76,-0.15,0.0,4.609999999999999,False,2026-05-11 12:06:00,2026-05-11 12:17:43,11.716666666666667
2026.05.11 19:43:26,4712.57,0.01,1,2026.05.11 20:00:00,4716.59,,4.02,-0.15,0.0,3.8699999999999997,False,2026-05-11 19:43:26,2026-05-11 20:00:00,16.566666666666666
2026.05.12 14:39:22,4703.87,0.01,-1,2026.05.12 15:05:06,4703.44,,0.43,-0.15,0.0,0.28,False,2026-05-12 14:39:22,2026-05-12 15:05:06,25.733333333333334
2026.05.14 16:18:53,4694.89,0.01,1,2026.05.14 16:37:45,4681.32,sl 4681.32,-13.57,-0.15,0.0,-13.72,False,2026-05-14 16:18:53,2026-05-14 16:37:45,18.866666666666667
2026.05.14 17:20:50,4699.63,0.01,-1,2026.05.14 17:59:39,4682.31,,17.32,-0.15,0.0,17.17,False,2026-05-14 17:20:50,2026-05-14 17:59:39,38.81666666666667
2026.05.15 03:15:00,4651.35,0.01,-1,2026.05.15 03:25:02,4642.37,,8.98,-0.15,0.0,8.83,False,2026-05-15 03:15:00,2026-05-15 03:25:02,10.033333333333333
2026.05.15 13:53:21,4570.45,0.01,-1,2026.05.15 14:24:35,4563.63,,6.82,-0.15,0.0,6.67,False,2026-05-15 13:53:21,2026-05-15 14:24:35,31.233333333333334
2026.05.18 04:52:38,4530.32,0.01,-1,2026.05.18 05:52:21,4530.81,,-0.49,-0.15,0.0,-0.64,False,2026-05-18 04:52:38,2026-05-18 05:52:21,59.71666666666667
2026.05.18 17:33:42,4549.36,0.01,1,2026.05.18 18:02:26,4536.46,sl 4536.59,-12.9,-0.15,0.0,-13.05,False,2026-05-18 17:33:42,2026-05-18 18:02:26,28.733333333333334
2026.05.18 18:02:26,4536.33,0.01,1,2026.05.18 18:57:39,4546.52,,10.19,-0.15,0.0,10.04,False,2026-05-18 18:02:26,2026-05-18 18:57:39,55.21666666666667
2026.05.20 06:18:06,4463.13,0.01,-1,2026.05.20 06:30:08,4459.06,,4.07,-0.15,0.0,3.9200000000000004,False,2026-05-20 06:18:06,2026-05-20 06:30:08,12.033333333333333
2026.05.21 02:26:52,4535.57,0.01,1,2026.05.21 02:37:44,4543.82,,8.25,-0.15,0.0,8.1,False,2026-05-21 02:26:52,2026-05-21 02:37:44,10.866666666666667
2026.05.22 02:36:16,4536.15,0.01,1,2026.05.22 03:21:41,4535.28,,-0.87,-0.15,0.0,-1.02,False,2026-05-22 02:36:16,2026-05-22 03:21:41,45.416666666666664
2026.05.22 18:30:53,4521.41,0.01,-1,2026.05.22 18:42:36,4517.72,,3.69,-0.15,0.0,3.54,False,2026-05-22 18:30:53,2026-05-22 18:42:36,11.716666666666667
2026.05.27 14:03:24,4452.45,0.01,-1,2026.05.27 14:22:00,4442.59,,9.86,-0.15,0.0,9.709999999999999,False,2026-05-27 14:03:24,2026-05-27 14:22:00,18.6
2026.05.27 19:21:31,4443.4,0.01,-1,2026.05.27 19:56:01,4450.17,,-6.77,-0.15,0.0,-6.92,False,2026-05-27 19:21:31,2026-05-27 19:56:01,34.5
2026.05.28 10:19:26,4392.71,0.01,-1,2026.05.28 10:33:38,4389.95,,2.76,-0.15,0.0,2.61,False,2026-05-28 10:19:26,2026-05-28 10:33:38,14.2
2026.05.29 22:30:42,4554.19,0.01,1,2026.05.29 23:13:50,4547.76,,-6.43,-0.15,0.0,-6.58,False,2026-05-29 22:30:42,2026-05-29 23:13:50,43.13333333333333
2026.06.01 13:47:34,4508.59,0.01,-1,2026.06.01 14:33:00,4508.03,,0.56,-0.15,0.0,0.41000000000000003,False,2026-06-01 13:47:34,2026-06-01 14:33:00,45.43333333333333
2026.06.01 20:29:57,4481.88,0.01,-1,2026.06.01 20:46:09,4495.6,sl 4495.56,-13.72,-0.15,0.0,-13.870000000000001,False,2026-06-01 20:29:57,2026-06-01 20:46:09,16.2
2026.06.03 03:38:16,4488.1,0.01,-1,2026.06.03 04:00:06,4484.18,,3.92,-0.15,0.0,3.77,False,2026-06-03 03:38:16,2026-06-03 04:00:06,21.833333333333332
2026.06.04 17:35:48,4481.14,0.01,1,2026.06.04 17:48:48,4468.5,sl 4468.88,-12.64,-0.15,0.0,-12.790000000000001,False,2026-06-04 17:35:48,2026-06-04 17:48:48,13.0
2026.06.12 22:25:21,4208.33,0.01,1,2026.06.12 22:58:45,4209.73,,1.4,-0.15,0.0,1.25,False,2026-06-12 22:25:21,2026-06-12 22:58:45,33.4
2026.06.17 09:42:36,4328.63,0.01,-1,2026.06.17 10:14:14,4327.79,,0.84,-0.15,0.0,0.69,False,2026-06-17 09:42:36,2026-06-17 10:14:14,31.633333333333333
2026.06.17 12:26:21,4331.15,0.01,-1,2026.06.17 12:47:53,4327.8,,3.35,-0.15,0.0,3.2,False,2026-06-17 12:26:21,2026-06-17 12:47:53,21.533333333333335
2026.06.17 17:48:00,4337.32,0.01,1,2026.06.17 18:03:59,4348.2,,10.88,-0.15,0.0,10.73,False,2026-06-17 17:48:00,2026-06-17 18:03:59,15.983333333333333
2026.06.17 21:00:13,4345.57,0.01,1,2026.06.17 21:02:59,4332.27,sl 4332.48,-13.3,-0.15,0.0,-13.450000000000001,False,2026-06-17 21:00:13,2026-06-17 21:02:59,2.7666666666666666
2026.06.18 03:03:04,4289.0,0.01,-1,2026.06.18 03:27:28,4295.8,,-6.8,-0.15,0.0,-6.95,False,2026-06-18 03:03:04,2026-06-18 03:27:28,24.4
2026.06.19 10:16:11,4160.16,0.01,-1,2026.06.19 10:25:45,4153.83,,6.33,-0.15,0.0,6.18,False,2026-06-19 10:16:11,2026-06-19 10:25:45,9.566666666666666
2026.06.22 09:30:01,4196.2,0.01,1,2026.06.22 09:44:47,4202.49,,6.29,-0.15,0.0,6.14,False,2026-06-22 09:30:01,2026-06-22 09:44:47,14.766666666666667
2026.06.24 08:32:39,4080.65,0.01,-1,2026.06.24 09:10:54,4094.07,sl 4093.70,-13.42,-0.15,0.0,-13.57,False,2026-06-24 08:32:39,2026-06-24 09:10:54,38.25
2026.06.24 09:10:55,4093.93,0.01,-1,2026.06.24 10:32:32,4081.46,,12.47,-0.15,0.0,12.32,False,2026-06-24 09:10:55,2026-06-24 10:32:32,81.61666666666666
2026.06.24 21:11:24,3992.07,0.01,-1,2026.06.24 21:38:16,3983.48,,8.59,-0.15,0.0,8.44,False,2026-06-24 21:11:24,2026-06-24 21:38:16,26.866666666666667
2026.06.26 21:45:17,4071.13,0.01,1,2026.06.26 22:13:18,4068.69,,-2.44,-0.15,0.0,-2.59,False,2026-06-26 21:45:17,2026-06-26 22:13:18,28.016666666666666
2026.06.29 15:38:00,4044.14,0.01,-1,2026.06.29 16:21:33,4044.87,,-0.73,-0.15,0.0,-0.88,False,2026-06-29 15:38:00,2026-06-29 16:21:33,43.55
2026.06.29 21:04:37,4023.15,0.01,-1,2026.06.29 21:27:27,4022.68,,0.47,-0.15,0.0,0.31999999999999995,False,2026-06-29 21:04:37,2026-06-29 21:27:27,22.833333333333332
2026.06.30 07:31:10,3988.61,0.01,-1,2026.06.30 08:15:00,3985.04,,3.57,-0.15,0.0,3.42,False,2026-06-30 07:31:10,2026-06-30 08:15:00,43.833333333333336
2026.06.30 09:00:12,3982.82,0.01,-1,2026.06.30 09:18:30,3984.47,,-1.65,-0.15,0.0,-1.7999999999999998,False,2026-06-30 09:00:12,2026-06-30 09:18:30,18.3
2026.07.01 10:58:01,3978.45,0.01,-1,2026.07.01 11:37:45,3973.67,,4.78,-0.15,0.0,4.63,False,2026-07-01 10:58:01,2026-07-01 11:37:45,39.733333333333334
2026.07.01 21:18:34,4067.12,0.01,1,2026.07.01 22:00:53,4065.11,,-2.01,-0.15,0.0,-2.1599999999999997,False,2026-07-01 21:18:34,2026-07-01 22:00:53,42.31666666666667
2026.07.02 19:35:24,4101.86,0.01,1,2026.07.02 21:03:38,4111.17,,9.31,-0.15,0.0,9.16,False,2026-07-02 19:35:24,2026-07-02 21:03:38,88.23333333333333
2026.07.03 09:02:28,4168.0,0.01,1,2026.07.03 09:34:04,4168.51,,0.51,-0.15,0.0,0.36,False,2026-07-03 09:02:28,2026-07-03 09:34:04,31.6
2026.07.06 05:23:55,4176.06,0.01,1,2026.07.06 06:00:36,4176.43,,0.37,-0.15,0.0,0.22,False,2026-07-06 05:23:55,2026-07-06 06:00:36,36.68333333333333
2026.07.06 10:49:28,4165.88,0.01,-1,2026.07.06 11:02:58,4161.93,,3.95,-0.15,0.0,3.8000000000000003,False,2026-07-06 10:49:28,2026-07-06 11:02:58,13.5
2026.07.06 17:33:31,4139.41,0.01,-1,2026.07.06 17:44:00,4133.65,,5.76,-0.15,0.0,5.609999999999999,False,2026-07-06 17:33:31,2026-07-06 17:44:00,10.483333333333333
2026.07.08 03:38:35,4117.05,0.01,-1,2026.07.08 03:54:22,4115.88,,1.17,-0.15,0.0,1.02,False,2026-07-08 03:38:35,2026-07-08 03:54:22,15.783333333333333
2026.07.08 15:45:00,4078.33,0.01,-1,2026.07.08 15:59:23,4073.61,,4.72,-0.15,0.0,4.569999999999999,False,2026-07-08 15:45:00,2026-07-08 15:59:23,14.383333333333333
2026.07.09 13:52:37,4095.45,0.01,1,2026.07.09 14:15:00,4105.11,,9.66,-0.15,0.0,9.51,False,2026-07-09 13:52:37,2026-07-09 14:15:00,22.383333333333333
2026.07.09 21:37:39,4121.71,0.01,1,2026.07.09 22:01:29,4127.08,,5.37,-0.15,0.0,5.22,False,2026-07-09 21:37:39,2026-07-09 22:01:29,23.833333333333332
2026.07.10 15:13:46,4110.95,0.01,-1,2026.07.10 15:35:43,4101.46,,9.49,-0.15,0.0,9.34,False,2026-07-10 15:13:46,2026-07-10 15:35:43,21.95
2026.07.10 17:21:26,4107.29,0.01,-1,2026.07.10 17:32:47,4093.48,,13.81,-0.15,0.0,13.66,False,2026-07-10 17:21:26,2026-07-10 17:32:47,11.35
2026.07.10 18:23:49,4106.43,0.01,-1,2026.07.10 19:40:43,4112.03,,-5.6,-0.15,0.0,-5.75,False,2026-07-10 18:23:49,2026-07-10 19:40:43,76.9
2026.07.13 04:33:24,4086.06,0.01,-1,2026.07.13 04:53:34,4080.34,,5.72,-0.15,0.0,5.569999999999999,False,2026-07-13 04:33:24,2026-07-13 04:53:34,20.166666666666668
2026.07.14 19:48:10,4058.24,0.01,1,2026.07.14 20:01:08,4063.17,,4.93,-0.15,0.0,4.779999999999999,False,2026-07-14 19:48:10,2026-07-14 20:01:08,12.966666666666667
2026.07.15 18:20:36,4041.75,0.01,1,2026.07.15 18:42:00,4050.27,,8.52,-0.15,0.0,8.37,False,2026-07-15 18:20:36,2026-07-15 18:42:00,21.4
2026.07.16 19:51:14,3995.18,0.01,-1,2026.07.16 20:05:19,3990.07,,5.11,-0.15,0.0,4.96,False,2026-07-16 19:51:14,2026-07-16 20:05:19,14.083333333333334
2026.07.17 16:38:51,3986.59,0.01,-1,2026.07.17 16:39:22,4000.56,sl 3999.64,-13.97,-0.15,0.0,-14.120000000000001,False,2026-07-17 16:38:51,2026-07-17 16:39:22,0.5166666666666667
2026.07.20 08:49:32,4006.53,0.01,1,2026.07.20 09:50:21,4007.49,,0.96,-0.15,0.0,0.8099999999999999,False,2026-07-20 08:49:32,2026-07-20 09:50:21,60.81666666666667
2026.07.20 15:02:31,4014.17,0.01,1,2026.07.20 16:21:00,4012.05,,-2.12,-0.15,0.0,-2.27,False,2026-07-20 15:02:31,2026-07-20 16:21:00,78.48333333333333
2026.07.21 13:57:57,4062.75,0.01,1,2026.07.21 14:36:00,4059.85,,-2.9,-0.15,0.0,-3.05,False,2026-07-21 13:57:57,2026-07-21 14:36:00,38.05
2026.07.22 09:26:42,4120.17,0.01,1,2026.07.22 10:15:00,4116.46,,-3.71,-0.15,0.0,-3.86,False,2026-07-22 09:26:42,2026-07-22 10:15:00,48.3
2026.07.22 20:39:41,4139.18,0.01,1,2026.07.22 20:51:05,4143.69,,4.51,-0.15,0.0,4.359999999999999,False,2026-07-22 20:39:41,2026-07-22 20:51:05,11.4
2026.07.24 21:18:42,4060.49,0.01,1,2026.07.24 22:03:12,4055.57,,-4.92,-0.15,0.0,-5.07,False,2026-07-24 21:18:42,2026-07-24 22:03:12,44.5
2026.07.27 06:25:41,4089.19,0.01,1,2026.07.27 07:00:30,4092.43,,3.24,-0.15,0.0,3.0900000000000003,False,2026-07-27 06:25:41,2026-07-27 07:00:30,34.81666666666667
2026.07.28 09:40:18,4050.66,0.01,-1,2026.07.28 10:30:16,4049.98,,0.68,-0.15,0.0,0.53,False,2026-07-28 09:40:18,2026-07-28 10:30:16,49.96666666666667
2026.07.28 16:52:21,4027.62,0.01,-1,2026.07.28 17:19:07,4021.55,,6.07,-0.15,0.0,5.92,False,2026-07-28 16:52:21,2026-07-28 17:19:07,26.766666666666666
2026.07.29 12:30:34,4031.66,0.01,1,2026.07.29 12:49:42,4035.76,,4.1,-0.15,0.0,3.9499999999999997,False,2026-07-29 12:30:34,2026-07-29 12:49:42,19.133333333333333
2026.07.29 12:57:06,4032.29,0.01,1,2026.07.29 13:30:03,4033.26,,0.97,-0.15,0.0,0.82,False,2026-07-29 12:57:06,2026-07-29 13:30:03,32.95
2026.07.29 19:51:01,4020.41,0.01,-1,2026.07.29 20:04:15,4035.07,sl 4034.83,-14.66,-0.15,0.0,-14.81,False,2026-07-29 19:51:01,2026-07-29 20:04:15,13.233333333333333
2026.07.29 20:04:15,4035.87,0.01,-1,2026.07.29 20:30:00,4039.36,,-3.49,-0.15,0.0,-3.64,False,2026-07-29 20:04:15,2026-07-29 20:30:00,25.75
2026.07.30 03:38:48,4070.21,0.01,1,2026.07.30 03:57:09,4068.55,,-1.66,-0.15,0.0,-1.8099999999999998,False,2026-07-30 03:38:48,2026-07-30 03:57:09,18.35
2026.07.30 22:42:01,4111.72,0.01,1,2026.07.30 23:03:12,4116.17,,4.45,-0.15,0.0,4.3,False,2026-07-30 22:42:01,2026-07-30 23:03:12,21.183333333333334
2026.07.31 18:15:32,4052.62,0.01,-1,2026.07.31 18:30:00,4041.4,,11.22,-0.15,0.0,11.07,False,2026-07-31 18:15:32,2026-07-31 18:30:00,14.466666666666667
2026.08.03 21:43:51,4039.42,0.01,-1,2026.08.03 22:23:02,4051.84,sl 4051.78,-12.42,-0.15,0.0,-12.57,False,2026-08-03 21:43:51,2026-08-03 22:23:02,39.18333333333333
2026.08.06 22:53:33,4244.04,0.01,-1,2026.08.06 23:17:23,4243.87,,0.17,-0.15,0.0,0.020000000000000018,False,2026-08-06 22:53:33,2026-08-06 23:17:23,23.833333333333332
2026.08.07 19:25:05,4335.6,0.01,1,2026.08.07 20:24:00,4338.94,,3.34,-0.15,0.0,3.19,False,2026-08-07 19:25:05,2026-08-07 20:24:00,58.916666666666664
2026.08.11 07:42:30,4408.64,0.01,1,2026.08.11 08:25:48,4395.97,sl 4395.97,-12.67,-0.15,0.0,-12.82,False,2026-08-11 07:42:30,2026-08-11 08:25:48,43.3
2026.08.11 08:25:49,4395.91,0.01,1,2026.08.11 09:04:03,4380.48,,-15.43,-0.15,0.0,-15.58,False,2026-08-11 08:25:49,2026-08-11 09:04:03,38.233333333333334
2026.08.12 15:25:21,4405.21,0.01,1,2026.08.12 15:27:17,4410.06,,4.85,-0.15,0.0,4.699999999999999,False,2026-08-12 15:25:21,2026-08-12 15:27:17,1.9333333333333333
2026.08.12 16:40:04,4410.04,0.01,1,2026.08.12 16:46:12,4420.87,,10.83,-0.15,0.0,10.68,False,2026-08-12 16:40:04,2026-08-12 16:46:12,6.133333333333334
2026.08.13 04:47:31,4410.79,0.01,1,2026.08.13 05:10:05,4414.01,,3.22,-0.15,0.0,3.0700000000000003,False,2026-08-13 04:47:31,2026-08-13 05:10:05,22.566666666666666
2026.08.13 13:18:44,4385.61,0.01,-1,2026.08.13 14:03:00,4390.47,,-4.86,-0.15,0.0,-5.010000000000001,False,2026-08-13 13:18:44,2026-08-13 14:03:00,44.266666666666666
2026.08.14 08:54:21,4329.79,0.01,-1,2026.08.14 09:21:04,4328.72,,1.07,-0.15,0.0,0.92,False,2026-08-14 08:54:21,2026-08-14 09:21:04,26.716666666666665
2026.08.14 09:42:23,4330.67,0.01,-1,2026.08.14 10:00:44,4333.7,,-3.03,-0.15,0.0,-3.1799999999999997,False,2026-08-14 09:42:23,2026-08-14 10:00:44,18.35
2026.08.17 21:25:06,4407.07,0.01,1,2026.08.17 21:48:45,4404.39,,-2.68,-0.15,0.0,-2.83,False,2026-08-17 21:25:06,2026-08-17 21:48:45,23.65
2026.08.19 04:30:36,4345.16,0.01,-1,2026.08.19 04:40:22,4357.75,sl 4357.62,-12.59,-0.15,0.0,-12.74,False,2026-08-19 04:30:36,2026-08-19 04:40:22,9.766666666666667
2026.08.19 04:40:22,4357.52,0.01,-1,2026.08.19 05:33:00,4356.58,,0.94,-0.15,0.0,0.7899999999999999,False,2026-08-19 04:40:22,2026-08-19 05:33:00,52.63333333333333
2026.08.20 16:02:46,4480.25,0.01,-1,2026.08.20 16:29:16,4471.61,,8.64,-0.15,0.0,8.49,False,2026-08-20 16:02:46,2026-08-20 16:29:16,26.5
2026.08.24 10:42:53,4638.65,0.01,1,2026.08.24 10:57:03,4640.7,,2.05,-0.15,0.0,1.9,False,2026-08-24 10:42:53,2026-08-24 10:57:03,14.166666666666666
2026.08.24 18:45:58,4655.29,0.01,1,2026.08.24 18:58:07,4640.09,sl 4640.15,-15.2,-0.15,0.0,-15.35,False,2026-08-24 18:45:58,2026-08-24 18:58:07,12.15
2026.08.25 09:25:25,4652.33,0.01,-1,2026.08.25 09:55:36,4640.87,,11.46,-0.15,0.0,11.31,False,2026-08-25 09:25:25,2026-08-25 09:55:36,30.183333333333334
2026.08.25 17:39:25,4636.14,0.01,-1,2026.08.25 17:51:21,4632.85,,3.29,-0.15,0.0,3.14,False,2026-08-25 17:39:25,2026-08-25 17:51:21,11.933333333333334
2026.08.26 16:49:54,4625.25,0.01,-1,2026.08.26 17:26:15,4616.69,,8.56,-0.15,0.0,8.41,False,2026-08-26 16:49:54,2026-08-26 17:26:15,36.35
2026.08.28 17:01:35,4597.84,0.01,1,2026.08.28 17:02:27,4582.79,sl 4583.88,-15.05,-0.15,0.0,-15.200000000000001,False,2026-08-28 17:01:35,2026-08-28 17:02:27,0.8666666666666667
2026.08.31 20:48:13,4439.31,0.01,-1,2026.08.31 21:02:11,4434.73,,4.58,-0.15,0.0,4.43,False,2026-08-31 20:48:13,2026-08-31 21:02:11,13.966666666666667
2026.09.01 04:22:17,4442.64,0.01,1,2026.09.01 04:36:42,4443.63,,0.99,-0.15,0.0,0.84,False,2026-09-01 04:22:17,2026-09-01 04:36:42,14.416666666666666
2026.09.01 18:11:34,4363.04,0.01,-1,2026.09.01 18:15:01,4357.16,,5.88,-0.15,0.0,5.7299999999999995,False,2026-09-01 18:11:34,2026-09-01 18:15:01,3.45
2026.09.03 21:28:52,4481.33,0.01,1,2026.09.03 22:09:57,4476.42,,-4.91,-0.15,0.0,-5.0600000000000005,False,2026-09-03 21:28:52,2026-09-03 22:09:57,41.083333333333336
2026.09.04 18:19:50,4448.55,0.01,-1,2026.09.04 18:54:29,4440.07,,8.48,-0.15,0.0,8.33,False,2026-09-04 18:19:50,2026-09-04 18:54:29,34.65
2026.09.08 08:24:09,4425.45,0.01,1,2026.09.08 09:02:37,4412.9,sl 4412.96,-12.55,-0.15,0.0,-12.700000000000001,False,2026-09-08 08:24:09,2026-09-08 09:02:37,38.46666666666667
2026.09.09 03:59:50,4365.04,0.01,-1,2026.09.09 04:36:13,4377.49,sl 4377.41,-12.45,-0.15,0.0,-12.6,False,2026-09-09 03:59:50,2026-09-09 04:36:13,36.38333333333333
2026.09.09 18:01:57,4409.75,0.01,1,2026.09.09 18:04:27,4395.84,sl 4396.34,-13.91,-0.15,0.0,-14.06,False,2026-09-09 18:01:57,2026-09-09 18:04:27,2.5
2026.09.10 08:27:59,4417.54,0.01,1,2026.09.10 08:29:47,4420.06,,2.52,-0.15,0.0,2.37,False,2026-09-10 08:27:59,2026-09-10 08:29:47,1.8
2026.09.10 10:01:28,4420.31,0.01,1,2026.09.10 10:46:52,4411.38,,-8.93,-0.15,0.0,-9.08,False,2026-09-10 10:01:28,2026-09-10 10:46:52,45.4
2026.09.10 20:02:04,4368.16,0.01,-1,2026.09.10 20:39:33,4360.2,,7.96,-0.15,0.0,7.81,False,2026-09-10 20:02:04,2026-09-10 20:39:33,37.483333333333334
2026.09.11 03:45:14,4328.19,0.01,-1,2026.09.11 04:00:03,4330.65,,-2.46,-0.15,0.0,-2.61,False,2026-09-11 03:45:14,2026-09-11 04:00:03,14.816666666666666
2026.09.11 19:22:07,4357.99,0.01,1,2026.09.11 19:33:08,4362.43,,4.44,-0.15,0.0,4.29,False,2026-09-11 19:22:07,2026-09-11 19:33:08,11.016666666666667
2026.09.17 03:12:06,4285.97,0.01,-1,2026.09.17 03:52:28,4280.21,,5.76,-0.15,0.0,5.609999999999999,False,2026-09-17 03:12:06,2026-09-17 03:52:28,40.36666666666667
