TIME,EVENT,DETAIL
2026.09.17 00:03:25,START,TF=M2 | PB=0.10R | SL=2R | own-Magic MAX1 | Magic=95012001 | Lots=0.01 | orders=ENABLED
2026.09.17 00:03:25,NOTE,FINAL parity build: setup pricing/order mirrors MULTI_TF validator; own-Magic MAX1; live 0.01 TP1 uses whole-position +0.25R lock
2026.09.17 01:02:00,SIGNAL,BEAR R=2.90 ext=4257.52
2026.09.17 01:16:00,SIGNAL,BEAR R=2.58 ext=4256.14
2026.09.17 01:34:00,SIGNAL,BULL R=4.88 ext=4273.20
2026.09.17 01:36:26,EXT_HIT,2026.09.17 01:32:00 extreme=4273.20
2026.09.17 01:36:32,PB_CONFIRM,2026.09.17 01:32:00 R=4.88
2026.09.17 01:36:32,ORDER_SENT_NO_POSITION,retcode=10009
2026.09.17 01:49:24,TP1_LOCK,TP1 reached; 0.01 lot cannot partial-close 30%, whole SL moved to 4272.09
2026.09.17 03:02:00,SIGNAL,BEAR R=4.97 ext=4262.13
2026.09.17 03:12:00,SIGNAL,BULL R=7.43 ext=4292.41
2026.09.17 03:22:00,SIGNAL,BULL R=4.48 ext=4293.32
2026.09.17 04:00:58,EXT_HIT,2026.09.17 03:10:00 extreme=4292.44
2026.09.17 04:00:59,PB_CONFIRM,2026.09.17 03:10:00 R=7.43
2026.09.17 04:00:59,ORDER_SENT_NO_POSITION,retcode=10009
2026.09.17 04:01:52,EXT_HIT,2026.09.17 03:20:00 extreme=4294.10
2026.09.17 04:01:53,PB_CONFIRM,2026.09.17 03:20:00 R=4.48
2026.09.17 04:01:53,ENTRY_SKIPPED,LIVE005 own-Magic position already exists
2026.09.17 04:02:00,SIGNAL,BULL R=14.80 ext=4308.90
2026.09.17 04:07:43,EXT_HIT,2026.09.17 04:00:00 extreme=4309.06
2026.09.17 04:07:59,PB_CONFIRM,2026.09.17 04:00:00 R=14.80
2026.09.17 04:07:59,ORDER_SENT_NO_POSITION,retcode=10009
2026.09.17 04:10:25,TP1_LOCK,TP1 reached; 0.01 lot cannot partial-close 30%, whole SL moved to 4304.64
2026.09.17 05:08:00,SIGNAL,BEAR R=5.92 ext=4284.13
2026.09.17 05:12:19,EXT_HIT,2026.09.17 05:06:00 extreme=4284.00
2026.09.17 05:12:22,PB_CONFIRM,2026.09.17 05:06:00 R=5.92
2026.09.17 05:12:22,ORDER_SENT_NO_POSITION,retcode=10009
2026.09.17 05:15:13,TP1_LOCK,TP1 reached; 0.01 lot cannot partial-close 30%, whole SL moved to 4286.28
2026.09.17 06:32:00,SIGNAL,BULL R=4.93 ext=4295.46
2026.09.17 06:40:00,SIGNAL,BULL R=1.14 ext=4293.61
2026.09.17 06:42:01,EXT_HIT,2026.09.17 06:38:00 extreme=4293.68
2026.09.17 06:42:04,PB_CONFIRM,2026.09.17 06:38:00 R=1.14
2026.09.17 06:42:04,ORDER_SENT_NO_POSITION,retcode=10009
2026.09.17 06:42:23,EXT_HIT,2026.09.17 06:30:00 extreme=4295.63
2026.09.17 06:42:41,PB_CONFIRM,2026.09.17 06:30:00 R=4.93
2026.09.17 06:42:41,ORDER_SENT_NO_POSITION,retcode=10009
2026.09.17 06:44:00,SIGNAL,BULL R=2.43 ext=4298.17
2026.09.17 07:12:52,TP1_LOCK,TP1 reached; 0.01 lot cannot partial-close 30%, whole SL moved to 4294.35
2026.09.17 07:46:00,SIGNAL,BULL R=1.42 ext=4298.67
2026.09.17 07:46:12,EXT_HIT,2026.09.17 06:42:00 extreme=4298.19
2026.09.17 07:46:15,PB_CONFIRM,2026.09.17 06:42:00 R=2.43
2026.09.17 07:46:15,ORDER_SENT_NO_POSITION,retcode=10009
2026.09.17 07:46:18,EXT_HIT,2026.09.17 07:44:00 extreme=4298.78
2026.09.17 07:46:19,PB_CONFIRM,2026.09.17 07:44:00 R=1.42
2026.09.17 07:46:19,ENTRY_SKIPPED,LIVE005 own-Magic position already exists
2026.09.17 07:50:05,TP1_LOCK,TP1 reached; 0.01 lot cannot partial-close 30%, whole SL moved to 4297.58
2026.09.17 07:53:34,START,TF=M2 | PB=0.10R | SL=2R | own-Magic MAX1 | Magic=95012001 | Lots=0.01 | orders=ENABLED
2026.09.17 07:53:34,NOTE,FINAL parity build: setup pricing/order mirrors MULTI_TF validator; own-Magic MAX1; live 0.01 TP1 uses whole-position +0.25R lock
2026.09.17 07:54:00,SIGNAL,BULL R=0.63 ext=4298.48
2026.09.17 07:57:11,EXT_HIT,2026.09.17 07:52:00 extreme=4298.51
2026.09.17 07:57:13,PB_CONFIRM,2026.09.17 07:52:00 R=0.63
2026.09.17 07:57:13,ORDER_SENT_NO_POSITION,retcode=10009
2026.09.17 07:57:35,LOCK_MODIFY_FAIL,10016 | invalid stops | bid=4297.97 ask=4298.07 sl=4298.28 tp=4297.82
2026.09.17 07:57:36,TP1_LOCK,TP1 reached; 0.01 lot cannot partial-close 30%, whole SL moved to 4298.25
2026.09.17 08:08:00,START,TF=M2 | PB=0.10R | SL=2R | own-Magic MAX1 | Magic=95012001 | Lots=0.01 | orders=ENABLED
2026.09.17 08:08:00,NOTE,FINAL parity build: setup pricing/order mirrors MULTI_TF validator; own-Magic MAX1; live 0.01 TP1 uses whole-position +0.25R lock
2026.09.17 08:14:00,START,TF=M2 | PB=0.10R | SL=2R | own-Magic MAX1 | Magic=95012001 | Lots=0.01 | orders=ENABLED
2026.09.17 08:14:00,NOTE,FINAL parity build: setup pricing/order mirrors MULTI_TF validator; own-Magic MAX1; live 0.01 TP1 uses whole-position +0.25R lock
2026.09.17 08:18:10,START,TF=M2 | PB=0.10R | SL=2R | own-Magic MAX1 | Magic=95012001 | Lots=0.01 | orders=ENABLED
2026.09.17 08:18:10,NOTE,FINAL parity build: setup pricing/order mirrors MULTI_TF validator; own-Magic MAX1; live 0.01 TP1 uses whole-position +0.25R lock
2026.09.17 08:29:45,START,TF=M2 | PB=0.10R | SL=2R | own-Magic MAX1 | Magic=95012001 | Lots=0.01 | orders=ENABLED
2026.09.17 08:29:45,NOTE,FINAL parity build: setup pricing/order mirrors MULTI_TF validator; own-Magic MAX1; live 0.01 TP1 uses whole-position +0.25R lock
2026.09.17 08:39:14,START,TF=M2 | PB=0.10R | SL=2R | own-Magic MAX1 | Magic=95012001 | Lots=0.01 | orders=ENABLED
2026.09.17 08:39:14,NOTE,FINAL parity build: setup pricing/order mirrors MULTI_TF validator; own-Magic MAX1; live 0.01 TP1 uses whole-position +0.25R lock
2026.09.17 08:53:31,START,TF=M2 | PB=0.10R | SL=2R | own-Magic MAX1 | Magic=95012001 | Lots=0.01 | orders=ENABLED
2026.09.17 08:53:31,NOTE,FINAL parity build: setup pricing/order mirrors MULTI_TF validator; own-Magic MAX1; live 0.01 TP1 uses whole-position +0.25R lock
2026.09.17 08:58:11,START,TF=M2 | PB=0.10R | SL=2R | own-Magic MAX1 | Magic=95012001 | Lots=0.01 | orders=ENABLED
2026.09.17 08:58:11,NOTE,FINAL parity build: setup pricing/order mirrors MULTI_TF validator; own-Magic MAX1; live 0.01 TP1 uses whole-position +0.25R lock
2026.09.17 09:02:40,START,TF=M2 | PB=0.10R | SL=2R | own-Magic MAX1 | Magic=95012001 | Lots=0.01 | orders=ENABLED
2026.09.17 09:02:40,NOTE,FINAL parity build: setup pricing/order mirrors MULTI_TF validator; own-Magic MAX1; live 0.01 TP1 uses whole-position +0.25R lock
2026.09.17 09:08:35,START,TF=M2 | PB=0.10R | SL=2R | own-Magic MAX1 | Magic=95012001 | Lots=0.01 | orders=ENABLED
2026.09.17 09:08:35,NOTE,FINAL parity build: setup pricing/order mirrors MULTI_TF validator; own-Magic MAX1; live 0.01 TP1 uses whole-position +0.25R lock
2026.09.17 09:15:41,START,TF=M2 | PB=0.10R | SL=2R | own-Magic MAX1 | Magic=95012001 | Lots=0.01 | orders=ENABLED
2026.09.17 09:15:41,NOTE,FINAL parity build: setup pricing/order mirrors MULTI_TF validator; own-Magic MAX1; live 0.01 TP1 uses whole-position +0.25R lock
2026.09.17 09:27:58,START,TF=M2 | PB=0.10R | SL=2R | own-Magic MAX1 | Magic=95012001 | Lots=0.01 | orders=ENABLED
2026.09.17 09:27:58,NOTE,FINAL parity build: setup pricing/order mirrors MULTI_TF validator; own-Magic MAX1; live 0.01 TP1 uses whole-position +0.25R lock
2026.09.17 09:44:23,START,TF=M2 | PB=0.10R | SL=2R | own-Magic MAX1 | Magic=95012001 | Lots=0.01 | orders=ENABLED
2026.09.17 09:44:23,NOTE,FINAL parity build: setup pricing/order mirrors MULTI_TF validator; own-Magic MAX1; live 0.01 TP1 uses whole-position +0.25R lock
2026.09.17 09:51:36,START,TF=M2 | PB=0.10R | SL=2R | own-Magic MAX1 | Magic=95012001 | Lots=0.01 | orders=ENABLED
2026.09.17 09:51:36,NOTE,FINAL parity build: setup pricing/order mirrors MULTI_TF validator; own-Magic MAX1; live 0.01 TP1 uses whole-position +0.25R lock
2026.09.17 10:01:00,START,TF=M2 | PB=0.10R | SL=2R | own-Magic MAX1 | Magic=95012001 | Lots=0.01 | orders=ENABLED
2026.09.17 10:01:00,NOTE,FINAL parity build: setup pricing/order mirrors MULTI_TF validator; own-Magic MAX1; live 0.01 TP1 uses whole-position +0.25R lock
2026.09.17 10:12:00,SIGNAL,BULL R=5.14 ext=4325.11
2026.09.17 10:15:25,EXT_HIT,2026.09.17 10:10:00 extreme=4325.14
2026.09.17 10:15:31,PB_CONFIRM,2026.09.17 10:10:00 R=5.14
2026.09.17 10:15:31,ORDER_SENT_NO_POSITION,retcode=10009
2026.09.17 10:20:07,TP1_LOCK,TP1 reached; 0.01 lot cannot partial-close 30%, whole SL moved to 4324.81
2026.09.17 11:14:00,SIGNAL,BEAR R=2.97 ext=4317.56
2026.09.17 11:17:47,START,TF=M2 | PB=0.10R | SL=2R | own-Magic MAX1 | Magic=95012001 | Lots=0.01 | orders=ENABLED
2026.09.17 11:17:47,NOTE,FINAL parity build: setup pricing/order mirrors MULTI_TF validator; own-Magic MAX1; live 0.01 TP1 uses whole-position +0.25R lock
2026.09.17 11:40:00,START,TF=M2 | PB=0.10R | SL=2R | own-Magic MAX1 | Magic=95012001 | Lots=0.01 | orders=ENABLED
2026.09.17 11:40:00,NOTE,FINAL parity build: setup pricing/order mirrors MULTI_TF validator; own-Magic MAX1; live 0.01 TP1 uses whole-position +0.25R lock
2026.09.17 11:55:27,START,TF=M2 | PB=0.10R | SL=2R | own-Magic MAX1 | Magic=95012001 | Lots=0.01 | orders=ENABLED
2026.09.17 11:55:27,NOTE,FINAL parity build: setup pricing/order mirrors MULTI_TF validator; own-Magic MAX1; live 0.01 TP1 uses whole-position +0.25R lock
2026.09.17 12:00:38,START,TF=M2 | PB=0.10R | SL=2R | own-Magic MAX1 | Magic=95012001 | Lots=0.01 | orders=ENABLED
2026.09.17 12:00:38,NOTE,FINAL parity build: setup pricing/order mirrors MULTI_TF validator; own-Magic MAX1; live 0.01 TP1 uses whole-position +0.25R lock
2026.09.17 12:03:49,START,TF=M2 | PB=0.10R | SL=2R | own-Magic MAX1 | Magic=95012001 | Lots=0.01 | orders=ENABLED
2026.09.17 12:03:49,NOTE,FINAL parity build: setup pricing/order mirrors MULTI_TF validator; own-Magic MAX1; live 0.01 TP1 uses whole-position +0.25R lock
2026.09.17 12:28:00,SIGNAL,BEAR R=3.69 ext=4304.57
2026.09.17 12:49:55,START,TF=M2 | PB=0.10R | SL=2R | own-Magic MAX1 | Magic=95012001 | Lots=0.01 | orders=ENABLED
2026.09.17 12:49:55,NOTE,FINAL parity build: setup pricing/order mirrors MULTI_TF validator; own-Magic MAX1; live 0.01 TP1 uses whole-position +0.25R lock
2026.09.17 12:52:19,START,TF=M2 | PB=0.10R | SL=2R | own-Magic MAX1 | Magic=95012001 | Lots=0.01 | orders=ENABLED
2026.09.17 12:52:19,NOTE,FINAL parity build: setup pricing/order mirrors MULTI_TF validator; own-Magic MAX1; live 0.01 TP1 uses whole-position +0.25R lock
2026.09.17 12:53:58,START,TF=M2 | PB=0.10R | SL=2R | own-Magic MAX1 | Magic=95012001 | Lots=0.01 | orders=ENABLED
2026.09.17 12:53:58,NOTE,FINAL parity build: setup pricing/order mirrors MULTI_TF validator; own-Magic MAX1; live 0.01 TP1 uses whole-position +0.25R lock
2026.09.17 13:12:00,SIGNAL,BULL R=3.25 ext=4315.28
2026.09.17 13:18:46,START,TF=M2 | PB=0.10R | SL=2R | own-Magic MAX1 | Magic=95012001 | Lots=0.01 | orders=ENABLED
2026.09.17 13:18:46,NOTE,FINAL parity build: setup pricing/order mirrors MULTI_TF validator; own-Magic MAX1; live 0.01 TP1 uses whole-position +0.25R lock
2026.09.17 13:23:09,START,TF=M2 | PB=0.10R | SL=2R | own-Magic MAX1 | Magic=95012001 | Lots=0.01 | orders=ENABLED
2026.09.17 13:23:09,NOTE,FINAL parity build: setup pricing/order mirrors MULTI_TF validator; own-Magic MAX1; live 0.01 TP1 uses whole-position +0.25R lock
2026.09.17 13:26:00,SIGNAL,BULL R=3.86 ext=4317.63
2026.09.17 13:30:08,START,TF=M2 | PB=0.10R | SL=2R | own-Magic MAX1 | Magic=95012001 | Lots=0.01 | orders=ENABLED
2026.09.17 13:30:08,NOTE,FINAL parity build: setup pricing/order mirrors MULTI_TF validator; own-Magic MAX1; live 0.01 TP1 uses whole-position +0.25R lock
2026.09.17 13:35:36,START,TF=M2 | PB=0.10R | SL=2R | own-Magic MAX1 | Magic=95012001 | Lots=0.01 | orders=ENABLED
2026.09.17 13:35:36,NOTE,FINAL parity build: setup pricing/order mirrors MULTI_TF validator; own-Magic MAX1; live 0.01 TP1 uses whole-position +0.25R lock
2026.09.17 13:36:00,SIGNAL,BULL R=3.01 ext=4319.17
2026.09.17 13:39:52,START,TF=M2 | PB=0.10R | SL=2R | own-Magic MAX1 | Magic=95012001 | Lots=0.01 | orders=ENABLED
2026.09.17 13:39:52,NOTE,FINAL parity build: setup pricing/order mirrors MULTI_TF validator; own-Magic MAX1; live 0.01 TP1 uses whole-position +0.25R lock
2026.09.17 13:52:00,SIGNAL,BULL R=3.63 ext=4325.63
2026.09.17 13:52:34,START,TF=M2 | PB=0.10R | SL=2R | own-Magic MAX1 | Magic=95012001 | Lots=0.01 | orders=ENABLED
2026.09.17 13:52:34,NOTE,FINAL parity build: setup pricing/order mirrors MULTI_TF validator; own-Magic MAX1; live 0.01 TP1 uses whole-position +0.25R lock
2026.09.17 13:52:34,SIGNAL,BULL R=3.63 ext=4325.63
2026.09.17 14:00:05,EXT_HIT,2026.09.17 13:50:00 extreme=4325.67
2026.09.17 14:00:10,PB_CONFIRM,2026.09.17 13:50:00 R=3.63
2026.09.17 14:00:10,ORDER_SENT_NO_POSITION,retcode=10009
2026.09.17 14:02:00,SIGNAL,BULL R=4.17 ext=4332.36
2026.09.17 14:07:32,START,TF=M2 | PB=0.10R | SL=2R | own-Magic MAX1 | Magic=95012001 | Lots=0.01 | orders=ENABLED
2026.09.17 14:07:32,NOTE,FINAL parity build: setup pricing/order mirrors MULTI_TF validator; own-Magic MAX1; live 0.01 TP1 uses whole-position +0.25R lock
2026.09.17 14:10:00,SIGNAL,BULL R=3.39 ext=4339.29
2026.09.17 14:10:47,EXT_HIT,2026.09.17 14:08:00 extreme=4339.69
2026.09.17 14:10:48,PB_CONFIRM,2026.09.17 14:08:00 R=3.39
2026.09.17 14:10:48,ORDER_SENT_NO_POSITION,retcode=10009
2026.09.17 14:10:59,TP1_LOCK,TP1 reached; 0.01 lot cannot partial-close 30%, whole SL moved to 4338.32
2026.09.17 14:19:32,START,TF=M2 | PB=0.10R | SL=2R | own-Magic MAX1 | Magic=95012001 | Lots=0.01 | orders=ENABLED
2026.09.17 14:19:32,NOTE,FINAL parity build: setup pricing/order mirrors MULTI_TF validator; own-Magic MAX1; live 0.01 TP1 uses whole-position +0.25R lock
2026.09.17 14:29:32,START,TF=M2 | PB=0.10R | SL=2R | own-Magic MAX1 | Magic=95012001 | Lots=0.01 | orders=ENABLED
2026.09.17 14:29:32,NOTE,FINAL parity build: setup pricing/order mirrors MULTI_TF validator; own-Magic MAX1; live 0.01 TP1 uses whole-position +0.25R lock
2026.09.17 14:39:24,START,TF=M2 | PB=0.10R | SL=2R | own-Magic MAX1 | Magic=95012001 | Lots=0.01 | orders=ENABLED
2026.09.17 14:39:24,NOTE,FINAL parity build: setup pricing/order mirrors MULTI_TF validator; own-Magic MAX1; live 0.01 TP1 uses whole-position +0.25R lock
2026.09.17 17:08:00,SIGNAL,BULL R=5.61 ext=4380.44
2026.09.17 17:40:00,SIGNAL,BEAR R=4.14 ext=4357.15
2026.09.17 17:53:36,EXT_HIT,2026.09.17 17:38:00 extreme=4357.05
2026.09.17 17:53:41,PB_CONFIRM,2026.09.17 17:38:00 R=4.14
2026.09.17 17:53:41,ORDER_SENT_NO_POSITION,retcode=10009
2026.09.17 17:54:00,SIGNAL,BEAR R=4.99 ext=4351.37
2026.09.17 18:00:36,EXT_HIT,2026.09.17 17:52:00 extreme=4351.26
2026.09.17 18:00:37,PB_CONFIRM,2026.09.17 17:52:00 R=4.99
2026.09.17 18:00:37,ORDER_SENT_NO_POSITION,retcode=10009
2026.09.17 18:50:00,SIGNAL,BULL R=1.48 ext=4367.31
2026.09.17 18:52:05,EXT_HIT,2026.09.17 18:48:00 extreme=4367.36
2026.09.17 18:52:09,PB_CONFIRM,2026.09.17 18:48:00 R=1.48
2026.09.17 18:52:10,ORDER_SENT_NO_POSITION,retcode=10009
2026.09.17 18:52:40,TP1_LOCK,TP1 reached; 0.01 lot cannot partial-close 30%, whole SL moved to 4367.08
2026.09.17 21:06:00,SIGNAL,BULL R=1.90 ext=4365.70
2026.09.17 21:16:15,EXT_HIT,2026.09.17 21:04:00 extreme=4365.71
2026.09.17 21:16:15,PB_CONFIRM,2026.09.17 21:04:00 R=1.90
2026.09.17 21:16:15,ORDER_SENT_NO_POSITION,retcode=10009
2026.09.17 21:16:47,TP1_LOCK,TP1 reached; 0.01 lot cannot partial-close 30%, whole SL moved to 4364.98
2026.09.17 21:30:00,SIGNAL,BEAR R=1.82 ext=4354.72
2026.09.17 21:30:41,EXT_HIT,2026.09.17 21:28:00 extreme=4354.54
2026.09.17 21:30:41,PB_CONFIRM,2026.09.17 21:28:00 R=1.82
2026.09.17 21:30:41,ORDER_SENT_NO_POSITION,retcode=10009
2026.09.17 21:32:00,SIGNAL,BEAR R=2.69 ext=4351.16
2026.09.17 21:33:57,EXT_HIT,2026.09.17 21:30:00 extreme=4350.99
2026.09.17 21:33:58,PB_CONFIRM,2026.09.17 21:30:00 R=2.69
2026.09.17 21:33:58,ORDER_SENT_NO_POSITION,retcode=10009
2026.09.17 21:41:12,TP1_LOCK,TP1 reached; 0.01 lot cannot partial-close 30%, whole SL moved to 4352.19
2026.09.17 22:18:00,SIGNAL,BEAR R=3.66 ext=4346.05
2026.09.17 22:27:05,EXT_HIT,2026.09.17 22:16:00 extreme=4346.04
2026.09.17 22:27:10,PB_CONFIRM,2026.09.17 22:16:00 R=3.66
2026.09.17 22:27:10,ORDER_SENT_NO_POSITION,retcode=10009
2026.09.17 22:53:51,TP1_LOCK,TP1 reached; 0.01 lot cannot partial-close 30%, whole SL moved to 4347.81
2026.09.18 02:54:00,SIGNAL,BULL R=1.55 ext=4348.07
2026.09.18 02:55:12,EXT_HIT,2026.09.18 02:52:00 extreme=4348.25
2026.09.18 02:55:16,PB_CONFIRM,2026.09.18 02:52:00 R=1.55
2026.09.18 02:55:16,ORDER_SENT_NO_POSITION,retcode=10009
2026.09.18 02:56:00,SIGNAL,BULL R=0.74 ext=4348.04
2026.09.18 02:56:12,TP1_LOCK,TP1 reached; 0.01 lot cannot partial-close 30%, whole SL moved to 4347.64
2026.09.18 03:02:00,SIGNAL,BEAR R=3.53 ext=4339.55
2026.09.18 03:10:37,EXT_HIT,2026.09.18 02:54:00 extreme=4348.07
2026.09.18 03:10:39,PB_CONFIRM,2026.09.18 02:54:00 R=0.74
2026.09.18 03:10:39,ORDER_SENT_NO_POSITION,retcode=10009
2026.09.18 03:12:00,SIGNAL,BULL R=4.02 ext=4354.90
2026.09.18 03:13:29,EXT_HIT,2026.09.18 03:10:00 extreme=4355.01
2026.09.18 03:13:35,PB_CONFIRM,2026.09.18 03:10:00 R=4.02
2026.09.18 03:13:35,ORDER_SENT_NO_POSITION,retcode=10009
2026.09.18 03:21:14,TP1_LOCK,TP1 reached; 0.01 lot cannot partial-close 30%, whole SL moved to 4353.59
2026.09.18 03:24:00,SIGNAL,BULL R=4.90 ext=4361.65
2026.09.18 04:01:06,EXT_HIT,2026.09.18 03:22:00 extreme=4361.79
2026.09.18 04:01:07,PB_CONFIRM,2026.09.18 03:22:00 R=4.90
2026.09.18 04:01:07,ORDER_SENT_NO_POSITION,retcode=10009
2026.09.18 04:02:00,SIGNAL,BULL R=5.58 ext=4367.19
2026.09.18 04:13:27,TP1_LOCK,TP1 reached; 0.01 lot cannot partial-close 30%, whole SL moved to 4360.20
2026.09.18 04:34:00,SIGNAL,BEAR R=4.58 ext=4348.22
2026.09.18 04:44:30,EXT_HIT,2026.09.18 04:32:00 extreme=4348.21
2026.09.18 04:44:50,PB_CONFIRM,2026.09.18 04:32:00 R=4.58
2026.09.18 04:44:50,ORDER_SENT_NO_POSITION,retcode=10009
2026.09.18 04:52:00,SIGNAL,BEAR R=2.62 ext=4343.06
2026.09.18 05:08:09,TP1_LOCK,TP1 reached; 0.01 lot cannot partial-close 30%, whole SL moved to 4349.51
2026.09.18 05:56:00,SIGNAL,BEAR R=5.60 ext=4341.40
2026.09.18 06:16:31,EXT_HIT,2026.09.18 04:50:00 extreme=4343.00
2026.09.18 06:16:46,PB_CONFIRM,2026.09.18 04:50:00 R=2.62
2026.09.18 06:16:46,ORDER_SENT_NO_POSITION,retcode=10009
2026.09.18 06:16:52,EXT_HIT,2026.09.18 05:54:00 extreme=4340.78
2026.09.18 06:16:56,PB_CONFIRM,2026.09.18 05:54:00 R=5.60
2026.09.18 06:16:56,ENTRY_SKIPPED,LIVE005 own-Magic position already exists
2026.09.18 06:17:21,EXT_HIT,2026.09.18 03:00:00 extreme=4339.28
2026.09.18 06:17:22,PB_CONFIRM,2026.09.18 03:00:00 R=3.53
2026.09.18 06:17:22,ENTRY_SKIPPED,LIVE005 own-Magic position already exists
2026.09.18 06:18:00,SIGNAL,BEAR R=5.28 ext=4333.70
2026.09.18 06:44:00,SIGNAL,BULL R=2.88 ext=4360.46
2026.09.18 06:45:29,EXT_HIT,2026.09.18 06:42:00 extreme=4360.49
2026.09.18 06:45:29,PB_CONFIRM,2026.09.18 06:42:00 R=2.88
2026.09.18 06:45:30,ORDER_SENT_NO_POSITION,retcode=10009
2026.09.18 06:46:51,TP1_LOCK,TP1 reached; 0.01 lot cannot partial-close 30%, whole SL moved to 4359.29
2026.09.18 07:44:00,SIGNAL,BULL R=3.52 ext=4366.53
2026.09.18 07:45:39,EXT_HIT,2026.09.18 07:42:00 extreme=4366.56
2026.09.18 07:45:42,PB_CONFIRM,2026.09.18 07:42:00 R=3.52
2026.09.18 07:45:42,ORDER_SENT_NO_POSITION,retcode=10009
2026.09.18 07:47:18,TP1_LOCK,TP1 reached; 0.01 lot cannot partial-close 30%, whole SL moved to 4364.97
2026.09.18 07:59:58,EXT_HIT,2026.09.18 04:00:00 extreme=4367.21
2026.09.18 08:00:00,PB_CONFIRM,2026.09.18 04:00:00 R=5.58
2026.09.18 08:00:00,ORDER_SENT_NO_POSITION,retcode=10009
2026.09.18 08:02:50,TP1_LOCK,TP1 reached; 0.01 lot cannot partial-close 30%, whole SL moved to 4365.42
2026.09.18 08:32:00,SIGNAL,BEAR R=2.82 ext=4360.04
2026.09.18 08:38:00,SIGNAL,BULL R=2.43 ext=4368.36
2026.09.18 08:38:21,EXT_HIT,2026.09.18 08:36:00 extreme=4368.41
2026.09.18 08:38:22,PB_CONFIRM,2026.09.18 08:36:00 R=2.43
2026.09.18 08:38:22,ORDER_SENT_NO_POSITION,retcode=10009
2026.09.18 08:40:00,SIGNAL,BULL R=6.32 ext=4378.21
2026.09.18 08:44:47,EXT_HIT,2026.09.18 08:38:00 extreme=4378.32
2026.09.18 08:44:50,PB_CONFIRM,2026.09.18 08:38:00 R=6.32
2026.09.18 08:44:50,ORDER_SENT_NO_POSITION,retcode=10009
2026.09.18 08:46:49,TP1_LOCK,TP1 reached; 0.01 lot cannot partial-close 30%, whole SL moved to 4376.01
2026.09.18 09:54:00,EXT_HIT,2026.09.17 17:06:00 extreme=4391.20
2026.09.18 09:54:02,PB_CONFIRM,2026.09.17 17:06:00 R=5.61
2026.09.18 09:54:02,ORDER_SENT_NO_POSITION,retcode=10009
2026.09.18 10:16:00,SIGNAL,BEAR R=1.24 ext=4388.88
2026.09.18 10:46:00,SIGNAL,BULL R=1.88 ext=4396.96
2026.09.18 10:49:17,EXT_HIT,2026.09.18 10:44:00 extreme=4396.96
2026.09.18 10:49:17,PB_CONFIRM,2026.09.18 10:44:00 R=1.88
2026.09.18 10:49:17,ENTRY_SKIPPED,LIVE005 own-Magic position already exists
2026.09.18 11:26:00,SIGNAL,BEAR R=4.11 ext=4385.37
2026.09.18 11:29:01,EXT_HIT,2026.09.18 10:14:00 extreme=4388.87
2026.09.18 11:29:04,PB_CONFIRM,2026.09.18 10:14:00 R=1.24
2026.09.18 11:29:04,ENTRY_SKIPPED,LIVE005 own-Magic position already exists
2026.09.18 11:29:44,TP1_LOCK,TP1 reached; 0.01 lot cannot partial-close 30%, whole SL moved to 4389.10
2026.09.18 11:43:20,EXT_HIT,2026.09.18 11:24:00 extreme=4385.34
2026.09.18 11:43:25,PB_CONFIRM,2026.09.18 11:24:00 R=4.11
2026.09.18 11:43:25,ORDER_SENT_NO_POSITION,retcode=10009
2026.09.18 11:45:05,TP1_LOCK,TP1 reached; 0.01 lot cannot partial-close 30%, whole SL moved to 4386.70
2026.09.18 12:34:00,SIGNAL,BEAR R=2.30 ext=4384.07
2026.09.18 12:38:34,EXT_HIT,2026.09.18 12:32:00 extreme=4384.03
2026.09.18 12:38:46,PB_CONFIRM,2026.09.18 12:32:00 R=2.30
2026.09.18 12:38:46,ORDER_SENT_NO_POSITION,retcode=10009
2026.09.18 12:40:00,SIGNAL,BEAR R=4.25 ext=4377.28
2026.09.18 12:44:37,EXT_HIT,2026.09.18 12:38:00 extreme=4377.28
2026.09.18 12:44:37,PB_CONFIRM,2026.09.18 12:38:00 R=4.25
2026.09.18 12:44:37,ORDER_SENT_NO_POSITION,retcode=10009
2026.09.18 13:09:11,TP1_LOCK,TP1 reached; 0.01 lot cannot partial-close 30%, whole SL moved to 4378.89
2026.09.18 13:48:00,SIGNAL,BEAR R=2.20 ext=4376.23
2026.09.18 14:43:32,EXT_HIT,2026.09.18 13:46:00 extreme=4376.18
2026.09.18 14:43:33,PB_CONFIRM,2026.09.18 13:46:00 R=2.20
2026.09.18 14:43:33,ORDER_SENT_NO_POSITION,retcode=10009
2026.09.18 14:44:00,SIGNAL,BEAR R=4.24 ext=4370.79
2026.09.18 14:58:57,TP1_LOCK,TP1 reached; 0.01 lot cannot partial-close 30%, whole SL moved to 4377.02
2026.09.18 15:12:32,EXT_HIT,2026.09.18 14:42:00 extreme=4370.77
2026.09.18 15:12:39,PB_CONFIRM,2026.09.18 14:42:00 R=4.24
2026.09.18 15:12:39,ORDER_SENT_NO_POSITION,retcode=10009
2026.09.18 15:12:55,TP1_LOCK,TP1 reached; 0.01 lot cannot partial-close 30%, whole SL moved to 4372.19
2026.09.18 15:22:00,SIGNAL,BEAR R=5.40 ext=4360.91
2026.09.18 15:23:30,EXT_HIT,2026.09.18 15:20:00 extreme=4360.72
2026.09.18 15:23:31,PB_CONFIRM,2026.09.18 15:20:00 R=5.40
2026.09.18 15:23:31,ORDER_SENT_NO_POSITION,retcode=10009
2026.09.18 15:24:27,EXT_HIT,2026.09.18 08:30:00 extreme=4359.98
2026.09.18 15:24:30,PB_CONFIRM,2026.09.18 08:30:00 R=2.82
2026.09.18 15:24:30,ENTRY_SKIPPED,LIVE005 own-Magic position already exists
2026.09.18 15:31:31,TP1_LOCK,TP1 reached; 0.01 lot cannot partial-close 30%, whole SL moved to 4363.33
2026.09.18 16:16:00,SIGNAL,BULL R=1.21 ext=4374.27
2026.09.18 16:16:48,EXT_HIT,2026.09.18 16:14:00 extreme=4374.52
2026.09.18 16:16:49,PB_CONFIRM,2026.09.18 16:14:00 R=1.21
2026.09.18 16:16:49,ORDER_SENT_NO_POSITION,retcode=10009
2026.09.18 16:16:57,TP1_LOCK,TP1 reached; 0.01 lot cannot partial-close 30%, whole SL moved to 4374.19
2026.09.18 16:18:00,SIGNAL,BULL R=0.25 ext=4373.46
2026.09.18 17:20:00,SIGNAL,BEAR R=3.36 ext=4345.05
2026.09.18 17:20:45,EXT_HIT,2026.09.18 17:18:00 extreme=4344.81
2026.09.18 17:20:49,PB_CONFIRM,2026.09.18 17:18:00 R=3.36
2026.09.18 17:20:49,ORDER_SENT_NO_POSITION,retcode=10009
2026.09.18 17:21:22,TP1_LOCK,TP1 reached; 0.01 lot cannot partial-close 30%, whole SL moved to 4344.85
2026.09.18 17:52:00,SIGNAL,BULL R=5.86 ext=4366.31
2026.09.18 19:20:00,SIGNAL,BULL R=2.97 ext=4368.95
2026.09.18 19:20:03,EXT_HIT,2026.09.18 17:50:00 extreme=4366.34
2026.09.18 19:20:28,PB_CONFIRM,2026.09.18 17:50:00 R=5.86
2026.09.18 19:20:28,ORDER_SENT_NO_POSITION,retcode=10009
2026.09.18 19:21:57,EXT_HIT,2026.09.18 19:18:00 extreme=4368.98
2026.09.18 19:22:01,PB_CONFIRM,2026.09.18 19:18:00 R=2.97
2026.09.18 19:22:01,ENTRY_SKIPPED,LIVE005 own-Magic position already exists
2026.09.18 19:28:33,EXT_HIT,2026.09.18 16:16:00 extreme=4373.55
2026.09.18 19:28:34,PB_CONFIRM,2026.09.18 16:16:00 R=0.25
2026.09.18 19:28:34,ENTRY_SKIPPED,LIVE005 own-Magic position already exists
2026.09.18 19:30:00,SIGNAL,BULL R=8.97 ext=4386.19
2026.09.18 20:03:42,EXT_HIT,2026.09.18 19:28:00 extreme=4386.25
2026.09.18 20:03:51,PB_CONFIRM,2026.09.18 19:28:00 R=8.97
2026.09.18 20:03:51,ORDER_SENT_NO_POSITION,retcode=10009
2026.09.18 20:34:00,SIGNAL,BULL R=2.20 ext=4390.84
2026.09.18 20:34:16,EXT_HIT,2026.09.18 20:32:00 extreme=4391.11
2026.09.18 20:34:17,PB_CONFIRM,2026.09.18 20:32:00 R=2.20
2026.09.18 20:34:17,ENTRY_SKIPPED,LIVE005 own-Magic position already exists
2026.09.18 20:36:00,SIGNAL,BULL R=3.52 ext=4395.63
2026.09.18 20:36:36,EXT_HIT,2026.09.18 20:34:00 extreme=4395.65
2026.09.18 20:36:41,PB_CONFIRM,2026.09.18 20:34:00 R=3.52
2026.09.18 20:36:41,ENTRY_SKIPPED,LIVE005 own-Magic position already exists
2026.09.18 21:32:00,SIGNAL,BEAR R=3.12 ext=4384.39
2026.09.18 21:40:00,SIGNAL,BEAR R=2.30 ext=4383.03
2026.09.18 21:41:18,EXT_HIT,2026.09.18 21:30:00 extreme=4384.33
2026.09.18 21:41:31,PB_CONFIRM,2026.09.18 21:30:00 R=3.12
2026.09.18 21:41:31,ENTRY_SKIPPED,LIVE005 own-Magic position already exists
2026.09.18 21:42:39,EXT_HIT,2026.09.18 21:38:00 extreme=4383.03
2026.09.18 21:42:42,PB_CONFIRM,2026.09.18 21:38:00 R=2.30
2026.09.18 21:42:42,ENTRY_SKIPPED,LIVE005 own-Magic position already exists
2026.09.18 21:45:00,TP1_LOCK,TP1 reached; 0.01 lot cannot partial-close 30%, whole SL moved to 4383.16
2026.09.18 22:54:00,SIGNAL,BEAR R=1.75 ext=4377.20
2026.09.18 22:54:40,EXT_HIT,2026.09.18 22:52:00 extreme=4377.17
2026.09.18 22:54:43,PB_CONFIRM,2026.09.18 22:52:00 R=1.75
2026.09.18 22:54:44,ORDER_SENT_NO_POSITION,retcode=10009
2026.09.18 22:55:05,TP1_LOCK,TP1 reached; 0.01 lot cannot partial-close 30%, whole SL moved to 4377.73
2026.09.19 09:38:32,START,TF=M2 | PB=0.10R | SL=2R | own-Magic MAX1 | Magic=95012001 | Lots=0.01 | orders=ENABLED
2026.09.19 09:38:32,NOTE,FINAL parity build: setup pricing/order mirrors MULTI_TF validator; own-Magic MAX1; live 0.01 TP1 uses whole-position +0.25R lock
2026.09.21 01:02:00,SIGNAL,BEAR R=1.59 ext=4372.76
2026.09.21 02:08:37,EXT_HIT,2026.09.21 01:00:00 extreme=4372.43
2026.09.21 02:08:38,PB_CONFIRM,2026.09.21 01:00:00 R=1.59
2026.09.21 02:08:38,ORDER_SENT_NO_POSITION,retcode=10009
2026.09.21 02:09:54,TP1_LOCK,TP1 reached; 0.01 lot cannot partial-close 30%, whole SL moved to 4372.95
2026.09.21 02:10:00,SIGNAL,BEAR R=0.56 ext=4372.75
2026.09.21 02:11:19,EXT_HIT,2026.09.21 02:08:00 extreme=4372.64
2026.09.21 02:11:20,PB_CONFIRM,2026.09.21 02:08:00 R=0.56
2026.09.21 02:11:20,ORDER_SENT_NO_POSITION,retcode=10009
2026.09.21 02:12:00,SIGNAL,BEAR R=1.45 ext=4370.55
2026.09.21 02:32:00,SIGNAL,BULL R=0.88 ext=4375.97
2026.09.21 02:39:14,EXT_HIT,2026.09.21 02:30:00 extreme=4375.97
2026.09.21 02:39:15,PB_CONFIRM,2026.09.21 02:30:00 R=0.88
2026.09.21 02:39:15,ORDER_SENT_NO_POSITION,retcode=10009
2026.09.21 02:39:48,TP1_LOCK,TP1 reached; 0.01 lot cannot partial-close 30%, whole SL moved to 4375.73
2026.09.21 02:45:49,EXT_HIT,2026.09.21 02:10:00 extreme=4370.31
2026.09.21 02:45:50,PB_CONFIRM,2026.09.21 02:10:00 R=1.45
2026.09.21 02:45:50,ORDER_SENT_NO_POSITION,retcode=10009
2026.09.21 02:46:00,SIGNAL,BEAR R=2.06 ext=4368.73
2026.09.21 02:49:07,TP1_LOCK,TP1 reached; 0.01 lot cannot partial-close 30%, whole SL moved to 4370.60
2026.09.21 03:00:52,EXT_HIT,2026.09.21 02:44:00 extreme=4368.73
2026.09.21 03:00:54,PB_CONFIRM,2026.09.21 02:44:00 R=2.06
2026.09.21 03:00:54,ORDER_SENT_NO_POSITION,retcode=10009
2026.09.21 03:02:00,SIGNAL,BEAR R=4.86 ext=4363.03
2026.09.21 03:06:01,TP1_LOCK,TP1 reached; 0.01 lot cannot partial-close 30%, whole SL moved to 4369.40
2026.09.21 03:15:14,EXT_HIT,2026.09.21 03:00:00 extreme=4362.98
2026.09.21 03:15:18,PB_CONFIRM,2026.09.21 03:00:00 R=4.86
2026.09.21 03:15:18,ORDER_SENT_NO_POSITION,retcode=10009
2026.09.21 03:24:39,TP1_LOCK,TP1 reached; 0.01 lot cannot partial-close 30%, whole SL moved to 4364.81
2026.09.21 04:02:00,SIGNAL,BULL R=8.06 ext=4382.31
2026.09.21 04:15:22,EXT_HIT,2026.09.21 04:00:00 extreme=4382.32
2026.09.21 04:16:00,SIGNAL,BULL R=4.34 ext=4387.54
2026.09.21 04:16:03,PB_CONFIRM,2026.09.21 04:00:00 R=8.06
2026.09.21 04:16:03,ORDER_SENT_NO_POSITION,retcode=10009
2026.09.21 04:19:09,TP1_LOCK,TP1 reached; 0.01 lot cannot partial-close 30%, whole SL moved to 4380.66
2026.09.21 05:02:00,SIGNAL,BEAR R=4.19 ext=4369.20
2026.07.13 09:11:33,START,TF=M2 | PB=0.10R | SL=2R | own-Magic MAX1 | Magic=95012001 | Lots=0.01 | orders=ENABLED
2026.07.13 09:11:33,NOTE,FINAL parity build: setup pricing/order mirrors MULTI_TF validator; own-Magic MAX1; live 0.01 TP1 uses whole-position +0.25R lock
2026.09.21 05:12:00,SIGNAL,BEAR R=5.05 ext=4366.02
2026.09.21 05:15:38,START,TF=M2 | PB=0.10R | SL=2R | own-Magic MAX1 | Magic=95012001 | Lots=0.10 | orders=ENABLED
2026.09.21 05:15:38,NOTE,FINAL parity build: setup pricing/order mirrors MULTI_TF validator; own-Magic MAX1; live 0.01 TP1 uses whole-position +0.25R lock
2026.09.21 05:18:22,EXT_HIT,2026.09.21 05:10:00 extreme=4365.95
2026.09.21 05:18:26,PB_CONFIRM,2026.09.21 05:10:00 R=5.05
2026.09.21 05:18:26,ORDER_SENT_NO_POSITION,retcode=10009
2026.09.21 05:29:19,TP1_LOCK,TP1 reached; 0.01 lot cannot partial-close 30%, whole SL moved to 4367.68
2026.09.21 05:48:31,START,TF=M2 | PB=0.10R | SL=2R | own-Magic MAX1 | Magic=95012101 | Lots=0.10 | orders=ENABLED
2026.09.21 05:48:31,NOTE,FINAL parity build: setup pricing/order mirrors MULTI_TF validator; own-Magic MAX1; live 0.01 TP1 uses whole-position +0.25R lock
